lexeme_id,lemma,pos,cefr_level,review_priority,alignment_decision,import_eligibility,review_status,reviewer,reviewed_at,notes
11,abeille,NOM,B2,P2,dbnary_source_uncovered_same_snapshot,blocked,pending,,,
18,abondance,NOM,B2,P2,dbnary_source_uncovered_same_snapshot,blocked,pending,,,
28,aboutir,VER,B2,P2,dbnary_source_uncovered_same_snapshot,blocked,pending,,,
80,accessoire,NOM,B2,P2,dbnary_source_uncovered_same_snapshot,blocked,pending,,,
81,accident,NOM,A1,P0,dbnary_source_uncovered_same_snapshot,blocked,pending,,,
129,achat,NOM,A2,P0,dbnary_source_uncovered_same_snapshot,blocked,pending,,,
235,affecter,VER,B2,P2,dbnary_source_uncovered_same_snapshot,blocked,pending,,,
294,agiter,VER,B1,P1,dbnary_source_uncovered_same_snapshot,blocked,pending,,,
597,anonymat,NOM,B2,P2,dbnary_source_uncovered_same_snapshot,blocked,pending,,,
609,antenne,NOM,B2,P2,dbnary_source_uncovered_same_snapshot,blocked,pending,,,
675,appartenir,VER,A2,P0,dbnary_source_uncovered_same_snapshot,blocked,pending,,,
872,assemblage,NOM,B2,P2,dbnary_source_uncovered_same_snapshot,blocked,pending,,,
895,assister,VER,A1,P0,dbnary_source_uncovered_same_snapshot,blocked,pending,,,
898,association,NOM,A1,P0,dbnary_source_uncovered_same_snapshot,blocked,pending,,,
922,astrologie,NOM,C1,P3,dbnary_source_uncovered_same_snapshot,blocked,pending,,,
931,astéroïde,NOM,C1,P3,dbnary_source_uncovered_same_snapshot,blocked,pending,,,
941,athéisme,NOM,C1,P3,dbnary_source_uncovered_same_snapshot,blocked,pending,,,
1052,auteur,NOM,A2,P0,dbnary_source_uncovered_same_snapshot,blocked,pending,,,
1087,autorité,NOM,B1,P1,dbnary_source_uncovered_same_snapshot,blocked,pending,,,
1228,balle,NOM,A2,P0,dbnary_source_uncovered_same_snapshot,blocked,pending,,,
1234,baluchon,NOM,C1,P3,dbnary_source_uncovered_same_snapshot,blocked,pending,,,
1247,bandeau,NOM,B2,P2,dbnary_source_uncovered_same_snapshot,blocked,pending,,,
1446,bit,NOM,B2,P2,dbnary_source_uncovered_same_snapshot,blocked,pending,,,
1471,blessé,NOM,B2,P2,dbnary_source_uncovered_same_snapshot,blocked,pending,,,
1500,bois,NOM,A1,P0,dbnary_source_uncovered_same_snapshot,blocked,pending,,,
1537,boots,NOM,C1,P3,dbnary_source_uncovered_same_snapshot,blocked,pending,,,
1641,bowling,NOM,A2,P0,dbnary_source_uncovered_same_snapshot,blocked,pending,,,
1799,bénéfice,NOM,B2,P2,dbnary_source_uncovered_same_snapshot,blocked,pending,,,
1828,cacher,VER,A1,P0,dbnary_source_uncovered_same_snapshot,blocked,pending,,,
1948,capital,NOM,B2,P2,dbnary_source_uncovered_same_snapshot,blocked,pending,,,
1978,caractéristique,NOM,B1,P1,dbnary_source_uncovered_same_snapshot,blocked,pending,,,
2029,cartel,NOM,C1,P3,dbnary_source_uncovered_same_snapshot,blocked,pending,,,
2075,catastrophe,NOM,B1,P1,dbnary_source_uncovered_same_snapshot,blocked,pending,,,
2106,ceinture,NOM,B1,P1,dbnary_source_uncovered_same_snapshot,blocked,pending,,,
2123,centenaire,NOM,B2,P2,dbnary_source_uncovered_same_snapshot,blocked,pending,,,
2204,chaos,NOM,C1,P3,dbnary_source_uncovered_same_snapshot,blocked,pending,,,
2312,chimie,NOM,B2,P2,dbnary_source_uncovered_same_snapshot,blocked,pending,,,
2366,chute,NOM,B2,P2,dbnary_source_uncovered_same_snapshot,blocked,pending,,,
2389,chômage,NOM,A1,P0,dbnary_source_uncovered_same_snapshot,blocked,pending,,,
2462,clair,NOM,B2,P2,dbnary_source_uncovered_same_snapshot,blocked,pending,,,
2474,classe,NOM,A1,P0,dbnary_source_uncovered_same_snapshot,blocked,pending,,,
2497,climat,NOM,A1,P0,dbnary_source_uncovered_same_snapshot,blocked,pending,,,
2516,cloche,NOM,B1,P1,dbnary_source_uncovered_same_snapshot,blocked,pending,,,
2604,collectionneur,NOM,A2,P0,dbnary_source_uncovered_same_snapshot,blocked,pending,,,
2663,commencement,NOM,B1,P1,dbnary_source_uncovered_same_snapshot,blocked,pending,,,
2698,communion,NOM,B1,P1,dbnary_source_uncovered_same_snapshot,blocked,pending,,,
2725,compensation,NOM,B2,P2,dbnary_source_uncovered_same_snapshot,blocked,pending,,,
2844,concurrent,NOM,B2,P2,dbnary_source_uncovered_same_snapshot,blocked,pending,,,
2860,conduire,VER,A1,P0,dbnary_source_uncovered_same_snapshot,blocked,pending,,,
2904,confédération,NOM,B2,P2,dbnary_source_uncovered_same_snapshot,blocked,pending,,,
2971,consommateur,NOM,B1,P1,dbnary_source_uncovered_same_snapshot,blocked,pending,,,
2972,consommation,NOM,B1,P1,dbnary_source_uncovered_same_snapshot,blocked,pending,,,
3007,consécration,NOM,B2,P2,dbnary_source_uncovered_same_snapshot,blocked,pending,,,
3014,contagion,NOM,B2,P2,dbnary_source_uncovered_same_snapshot,blocked,pending,,,
3039,continent,NOM,A1,P0,dbnary_source_uncovered_same_snapshot,blocked,pending,,,
3152,coque,NOM,C1,P3,dbnary_source_uncovered_same_snapshot,blocked,pending,,,
3216,cou,NOM,B1,P1,dbnary_source_uncovered_same_snapshot,blocked,pending,,,
3498,cyclone,NOM,B2,P2,dbnary_source_uncovered_same_snapshot,blocked,pending,,,
3612,densité,NOM,B2,P2,dbnary_source_uncovered_same_snapshot,blocked,pending,,,
3643,dessiner,VER,A1,P0,dbnary_source_uncovered_same_snapshot,blocked,pending,,,
3699,dieu,NOM,A1,P0,dbnary_source_uncovered_same_snapshot,blocked,pending,,,
3753,directeur,NOM,A1,P0,dbnary_source_uncovered_same_snapshot,blocked,pending,,,
3917,dose,NOM,B2,P2,dbnary_source_uncovered_same_snapshot,blocked,pending,,,
4038,début,NOM,A1,P0,dbnary_source_uncovered_same_snapshot,blocked,pending,,,
4079,déclaration,NOM,B2,P2,dbnary_source_uncovered_same_snapshot,blocked,pending,,,
4107,décor,NOM,A2,P0,dbnary_source_uncovered_same_snapshot,blocked,pending,,,
4211,délicatesse,NOM,B2,P2,dbnary_source_uncovered_same_snapshot,blocked,pending,,,
4454,détresse,NOM,B2,P2,dbnary_source_uncovered_same_snapshot,blocked,pending,,,
4548,embryon,NOM,B2,P2,dbnary_source_uncovered_same_snapshot,blocked,pending,,,
4640,endommager,VER,C1,P3,dbnary_source_uncovered_same_snapshot,blocked,pending,,,
4705,enrichissement,NOM,B2,P2,dbnary_source_uncovered_same_snapshot,blocked,pending,,,
4710,enseigne,NOM,B2,P2,dbnary_source_uncovered_same_snapshot,blocked,pending,,,
4738,entourer,VER,B1,P1,dbnary_source_uncovered_same_snapshot,blocked,pending,,,
4812,esclave,NOM,A2,P0,dbnary_source_uncovered_same_snapshot,blocked,pending,,,
4819,espace,NOM,A1,P0,dbnary_source_uncovered_same_snapshot,blocked,pending,,,
5020,extraction,NOM,B2,P2,dbnary_source_uncovered_same_snapshot,blocked,pending,,,
5051,fabriquer,VER,A1,P0,dbnary_source_uncovered_same_snapshot,blocked,pending,,,
5096,familier,NOM,B2,P2,dbnary_source_uncovered_same_snapshot,blocked,pending,,,
5233,fier,VER,A2,P0,dbnary_source_uncovered_same_snapshot,blocked,pending,,,
5338,fluide,NOM,C1,P3,dbnary_source_uncovered_same_snapshot,blocked,pending,,,
5365,fonction,NOM,A1,P0,dbnary_source_uncovered_same_snapshot,blocked,pending,,,
5370,fonctionnement,NOM,B2,P2,dbnary_source_uncovered_same_snapshot,blocked,pending,,,
5389,football,NOM,A2,P0,dbnary_source_uncovered_same_snapshot,blocked,pending,,,
5432,fosse,NOM,B2,P2,dbnary_source_uncovered_same_snapshot,blocked,pending,,,
5441,fouetter,VER,B2,P2,dbnary_source_uncovered_same_snapshot,blocked,pending,,,
5446,fouiller,VER,B2,P2,dbnary_source_uncovered_same_snapshot,blocked,pending,,,
5529,fripier,NOM,C1,P3,dbnary_source_uncovered_same_snapshot,blocked,pending,,,
5620,fâcher,VER,B1,P1,dbnary_source_uncovered_same_snapshot,blocked,pending,,,
5623,fève,NOM,B2,P2,dbnary_source_uncovered_same_snapshot,blocked,pending,,,
5645,féminité,NOM,C1,P3,dbnary_source_uncovered_same_snapshot,blocked,pending,,,
5674,galaxie,NOM,B2,P2,dbnary_source_uncovered_same_snapshot,blocked,pending,,,
5702,garder,VER,A1,P0,dbnary_source_uncovered_same_snapshot,blocked,pending,,,
5718,garçon,NOM,A1,P0,dbnary_source_uncovered_same_snapshot,blocked,pending,,,
5733,gaz,NOM,B1,P1,dbnary_source_uncovered_same_snapshot,blocked,pending,,,
5952,groupe,NOM,A1,P0,dbnary_source_uncovered_same_snapshot,blocked,pending,,,
5979,guillotine,NOM,B1,P1,dbnary_source_uncovered_same_snapshot,blocked,pending,,,
6130,heaume,NOM,B2,P2,dbnary_source_uncovered_same_snapshot,blocked,pending,,,
6269,humeur,NOM,A1,P0,dbnary_source_uncovered_same_snapshot,blocked,pending,,,
6371,idéal,NOM,B2,P2,dbnary_source_uncovered_same_snapshot,blocked,pending,,,
6378,idéologie,NOM,B2,P2,dbnary_source_uncovered_same_snapshot,blocked,pending,,,
6739,inflation,NOM,C1,P3,dbnary_source_uncovered_same_snapshot,blocked,pending,,,
6835,insecte,NOM,B2,P2,dbnary_source_uncovered_same_snapshot,blocked,pending,,,
7046,investissement,NOM,B2,P2,dbnary_source_uncovered_same_snapshot,blocked,pending,,,
7199,jour,NOM,A1,P0,dbnary_source_uncovered_same_snapshot,blocked,pending,,,
7231,jumeau,NOM,A2,P0,dbnary_source_uncovered_same_snapshot,blocked,pending,,,
7331,lande,NOM,C1,P3,dbnary_source_uncovered_same_snapshot,blocked,pending,,,
7391,lentille,NOM,B2,P2,dbnary_source_uncovered_same_snapshot,blocked,pending,,,
7477,litre,NOM,A1,P0,dbnary_source_uncovered_same_snapshot,blocked,pending,,,
7509,loft,NOM,B2,P2,dbnary_source_uncovered_same_snapshot,blocked,pending,,,
7512,loger,VER,B1,P1,dbnary_source_uncovered_same_snapshot,blocked,pending,,,
7513,logiciel,NOM,B1,P1,dbnary_source_uncovered_same_snapshot,blocked,pending,,,
7705,main-d'oeuvre,NOM,B2,P2,dbnary_source_uncovered_same_snapshot,blocked,pending,,,
7724,major,NOM,B2,P2,dbnary_source_uncovered_same_snapshot,blocked,pending,,,
7848,marche,NOM,A1,P0,dbnary_source_uncovered_same_snapshot,blocked,pending,,,
7852,marché,NOM,A1,P0,dbnary_source_uncovered_same_snapshot,blocked,pending,,,
7966,maximum,NOM,B2,P2,dbnary_source_uncovered_same_snapshot,blocked,pending,,,
8008,mentor,NOM,C1,P3,dbnary_source_uncovered_same_snapshot,blocked,pending,,,
8026,mesdemoiselles,NOM,B1,P1,dbnary_source_uncovered_same_snapshot,blocked,pending,,,
8118,mineur,NOM,B2,P2,dbnary_source_uncovered_same_snapshot,blocked,pending,,,
8120,miniature,NOM,C1,P3,dbnary_source_uncovered_same_snapshot,blocked,pending,,,
8168,mobile,NOM,B2,P2,dbnary_source_uncovered_same_snapshot,blocked,pending,,,
8216,moment,NOM,A1,P0,dbnary_source_uncovered_same_snapshot,blocked,pending,,,
8251,monseigneur,NOM,B2,P2,dbnary_source_uncovered_same_snapshot,blocked,pending,,,
8346,mousson,NOM,C1,P3,dbnary_source_uncovered_same_snapshot,blocked,pending,,,
8441,mètre,NOM,A1,P0,dbnary_source_uncovered_same_snapshot,blocked,pending,,,
8465,médias,NOM,A2,P0,dbnary_source_uncovered_same_snapshot,blocked,pending,,,
8490,méfier,VER,B1,P1,dbnary_source_uncovered_same_snapshot,blocked,pending,,,
8525,mésaventure,NOM,B2,P2,dbnary_source_uncovered_same_snapshot,blocked,pending,,,
8548,météorite,NOM,C1,P3,dbnary_source_uncovered_same_snapshot,blocked,pending,,,
8549,météorologie,NOM,C1,P3,dbnary_source_uncovered_same_snapshot,blocked,pending,,,
8677,nombre,NOM,A1,P0,dbnary_source_uncovered_same_snapshot,blocked,pending,,,
8723,note,NOM,A1,P0,dbnary_source_uncovered_same_snapshot,blocked,pending,,,
8765,nuit,NOM,A1,P0,dbnary_source_uncovered_same_snapshot,blocked,pending,,,
8974,orange,NOM,B1,P1,dbnary_source_uncovered_same_snapshot,blocked,pending,,,
8999,organe,NOM,B2,P2,dbnary_source_uncovered_same_snapshot,blocked,pending,,,
9070,ouvrage,NOM,B2,P2,dbnary_source_uncovered_same_snapshot,blocked,pending,,,
9174,parade,NOM,B2,P2,dbnary_source_uncovered_same_snapshot,blocked,pending,,,
9197,parasol,NOM,B2,P2,dbnary_source_uncovered_same_snapshot,blocked,pending,,,
9353,patron,NOM,A2,P0,dbnary_source_uncovered_same_snapshot,blocked,pending,,,
9362,pauvre,NOM,A1,P0,dbnary_source_uncovered_same_snapshot,blocked,pending,,,
9365,pauvreté,NOM,B1,P1,dbnary_source_uncovered_same_snapshot,blocked,pending,,,
9393,peloton,NOM,C1,P3,dbnary_source_uncovered_same_snapshot,blocked,pending,,,
9505,petits-enfants,NOM,B1,P1,dbnary_source_uncovered_same_snapshot,blocked,pending,,,
9547,photographier,VER,B1,P1,dbnary_source_uncovered_same_snapshot,blocked,pending,,,
9645,piétiner,VER,B2,P2,dbnary_source_uncovered_same_snapshot,blocked,pending,,,
9685,planète,NOM,B1,P1,dbnary_source_uncovered_same_snapshot,blocked,pending,,,
9838,pompier,NOM,B1,P1,dbnary_source_uncovered_same_snapshot,blocked,pending,,,
9956,pourpre,NOM,B2,P2,dbnary_source_uncovered_same_snapshot,blocked,pending,,,
9986,prairie,NOM,B1,P1,dbnary_source_uncovered_same_snapshot,blocked,pending,,,
10075,proche,NOM,B2,P2,dbnary_source_uncovered_same_snapshot,blocked,pending,,,
10096,produit,NOM,A1,P0,dbnary_source_uncovered_same_snapshot,blocked,pending,,,
10134,projecteur,NOM,B2,P2,dbnary_source_uncovered_same_snapshot,blocked,pending,,,
10194,prose,NOM,B2,P2,dbnary_source_uncovered_same_snapshot,blocked,pending,,,
10414,puiser,VER,B2,P2,dbnary_source_uncovered_same_snapshot,blocked,pending,,,
10457,pâture,NOM,B2,P2,dbnary_source_uncovered_same_snapshot,blocked,pending,,,
10581,quitter,VER,A1,P0,dbnary_source_uncovered_same_snapshot,blocked,pending,,,
10610,racket,NOM,B2,P2,dbnary_source_uncovered_same_snapshot,blocked,pending,,,
10631,radium,NOM,C1,P3,dbnary_source_uncovered_same_snapshot,blocked,pending,,,
10718,raser,VER,B2,P2,dbnary_source_uncovered_same_snapshot,blocked,pending,,,
10873,regarder,VER,A1,P0,dbnary_source_uncovered_same_snapshot,blocked,pending,,,
11053,respect,NOM,B1,P1,dbnary_source_uncovered_same_snapshot,blocked,pending,,,
11095,retardataire,NOM,B2,P2,dbnary_source_uncovered_same_snapshot,blocked,pending,,,
11163,riche,NOM,B1,P1,dbnary_source_uncovered_same_snapshot,blocked,pending,,,
11202,rive,NOM,A2,P0,dbnary_source_uncovered_same_snapshot,blocked,pending,,,
11403,rédemption,NOM,C1,P3,dbnary_source_uncovered_same_snapshot,blocked,pending,,,
11501,répression,NOM,B2,P2,dbnary_source_uncovered_same_snapshot,blocked,pending,,,
11503,réprimer,VER,B2,P2,dbnary_source_uncovered_same_snapshot,blocked,pending,,,
11534,résine,NOM,C1,P3,dbnary_source_uncovered_same_snapshot,blocked,pending,,,
11708,sapin,NOM,A1,P0,dbnary_source_uncovered_same_snapshot,blocked,pending,,,
11716,satellite,NOM,B2,P2,dbnary_source_uncovered_same_snapshot,blocked,pending,,,
11739,sauter,VER,A2,P0,dbnary_source_uncovered_same_snapshot,blocked,pending,,,
11747,sauvetage,NOM,C1,P3,dbnary_source_uncovered_same_snapshot,blocked,pending,,,
11815,secouer,VER,B1,P1,dbnary_source_uncovered_same_snapshot,blocked,pending,,,
11817,secours,NOM,B1,P1,dbnary_source_uncovered_same_snapshot,blocked,pending,,,
11830,sein,NOM,B1,P1,dbnary_source_uncovered_same_snapshot,blocked,pending,,,
12072,sommeil,NOM,A2,P0,dbnary_source_uncovered_same_snapshot,blocked,pending,,,
12077,somnolence,NOM,C1,P3,dbnary_source_uncovered_same_snapshot,blocked,pending,,,
12133,souhait,NOM,B1,P1,dbnary_source_uncovered_same_snapshot,blocked,pending,,,
12209,spectre,NOM,C1,P3,dbnary_source_uncovered_same_snapshot,blocked,pending,,,
12245,spéculation,NOM,B2,P2,dbnary_source_uncovered_same_snapshot,blocked,pending,,,
12617,sérieux,NOM,B1,P1,dbnary_source_uncovered_same_snapshot,blocked,pending,,,
12739,temps,NOM,A1,P0,dbnary_source_uncovered_same_snapshot,blocked,pending,,,
12819,théorie,NOM,B2,P2,dbnary_source_uncovered_same_snapshot,blocked,pending,,,
12878,toit,NOM,A1,P0,dbnary_source_uncovered_same_snapshot,blocked,pending,,,
12939,toucher,NOM,B1,P1,dbnary_source_uncovered_same_snapshot,blocked,pending,,,
12940,toucher,VER,A1,P0,dbnary_source_uncovered_same_snapshot,blocked,pending,,,
12956,tournesol,NOM,C1,P3,dbnary_source_uncovered_same_snapshot,blocked,pending,,,
13067,travail,NOM,A1,P0,dbnary_source_uncovered_same_snapshot,blocked,pending,,,
13074,traverser,VER,A1,P0,dbnary_source_uncovered_same_snapshot,blocked,pending,,,
13419,veille,NOM,B1,P1,dbnary_source_uncovered_same_snapshot,blocked,pending,,,
13511,vice-président,NOM,B2,P2,dbnary_source_uncovered_same_snapshot,blocked,pending,,,
13558,ville,NOM,A1,P0,dbnary_source_uncovered_same_snapshot,blocked,pending,,,
13566,violence,NOM,B1,P1,dbnary_source_uncovered_same_snapshot,blocked,pending,,,
13580,virilité,NOM,B2,P2,dbnary_source_uncovered_same_snapshot,blocked,pending,,,
13719,végétation,NOM,B2,P2,dbnary_source_uncovered_same_snapshot,blocked,pending,,,
13782,âne,NOM,A1,P0,dbnary_source_uncovered_same_snapshot,blocked,pending,,,
13795,ébranler,VER,B2,P2,dbnary_source_uncovered_same_snapshot,blocked,pending,,,
13858,écosystème,NOM,B2,P2,dbnary_source_uncovered_same_snapshot,blocked,pending,,,
13924,élan,NOM,B1,P1,dbnary_source_uncovered_same_snapshot,blocked,pending,,,
14007,émouvoir,VER,B1,P1,dbnary_source_uncovered_same_snapshot,blocked,pending,,,
14099,équipe,NOM,A2,P0,dbnary_source_uncovered_same_snapshot,blocked,pending,,,
14149,étinceler,VER,B2,P2,dbnary_source_uncovered_same_snapshot,blocked,pending,,,
14153,étoffe,NOM,B2,P2,dbnary_source_uncovered_same_snapshot,blocked,pending,,,
