audit_id,sample_order,lexeme_id,lemma,pos,cefr_level,flelex_frequency,gloss_zh,automated_status,automated_reason,manual_decision,manual_note
lexicon-v1-2026-07-27,1,1209,baisemain,NOM,C1,0.0652,,needs_review,low_frequency_missing_gloss,override_excluded,Rare lexicalized expression with low network value for the main B1-C1 map.
lexicon-v1-2026-07-27,2,655,apeuré,ADJ,C1,0.0652,惊魂,eligible,target_content_with_gloss,agree,
lexicon-v1-2026-07-27,3,5773,gifle,NOM,B2,0.6674,嘴巴；巴掌,eligible,target_content_with_gloss,agree,
lexicon-v1-2026-07-27,4,7251,juste,NOM,B1,2.5084,公允；公平,eligible,target_content_with_gloss,agree,
lexicon-v1-2026-07-27,5,6467,implacable,ADJ,B2,2.4938,,eligible,target_content_high_frequency_missing_gloss,agree,Valid target adjective; Chinese gloss is missing and should be supplied before editorial use.
lexicon-v1-2026-07-27,6,191,admirable,ADJ,A2,5.3458,石破天惊；精彩,auxiliary,foundational_content,agree,
lexicon-v1-2026-07-27,7,5665,gagnant,ADJ,C2,0.0342,成功者；胜者,needs_review,advanced_tail,override_eligible,Common lexical item despite the C2 assignment; useful around gagner/vainqueur.
lexicon-v1-2026-07-27,8,10476,pénalité,NOM,C1,0.1228,罚则；违约金,eligible,target_content_with_gloss,agree,
lexicon-v1-2026-07-27,9,5192,ferroviaire,ADJ,B2,1.5448,,eligible,target_content_high_frequency_missing_gloss,agree,
lexicon-v1-2026-07-27,10,4059,décharge,NOM,B1,2.9521,,eligible,target_content_high_frequency_missing_gloss,agree,
lexicon-v1-2026-07-27,11,13126,tripler,VER,B2,2.5734,,eligible,target_content_high_frequency_missing_gloss,agree,
lexicon-v1-2026-07-27,12,7062,inégal,ADJ,B2,3.8088,不均；参差不齐,eligible,target_content_with_gloss,agree,
lexicon-v1-2026-07-27,13,2029,cartel,NOM,C1,0.0514,企业集团,eligible,target_content_with_gloss,agree,
lexicon-v1-2026-07-27,14,3158,corbeau,NOM,C2,0.0218,乌鸦,needs_review,advanced_tail,override_auxiliary,Common concrete noun; retain as a bridge but do not prioritize for B1-C1 relation coverage.
lexicon-v1-2026-07-27,15,11593,révérence,NOM,C1,0.0975,,needs_review,low_frequency_missing_gloss,override_eligible,Valid C1 lexical item with derivational and register relations.
lexicon-v1-2026-07-27,16,11458,régénérescence,NOM,C2,0.1431,,needs_review,advanced_tail,override_excluded,Very rare tail item; low expected learning or network value.
lexicon-v1-2026-07-27,17,5243,fil,NOM,B1,51.3477,线缆；话头,eligible,target_content_with_gloss,agree,
lexicon-v1-2026-07-27,18,14016,énigmatique,ADJ,B1,2.3025,神奥；莫名,eligible,target_content_with_gloss,agree,
lexicon-v1-2026-07-27,19,9725,plouc,NOM,C1,0.0614,粗人；老帽儿,eligible,target_content_with_gloss,agree,
lexicon-v1-2026-07-27,20,12992,traduction,NOM,B2,4.6145,翻译；译文,eligible,target_content_with_gloss,agree,
lexicon-v1-2026-07-27,21,2107,ceinturer,VER,C2,0.0433,,excluded,outside_target_cefr,agree,
lexicon-v1-2026-07-27,22,5189,fermé,ADJ,C1,0.0964,细密；闭着,eligible,target_content_with_gloss,agree,
lexicon-v1-2026-07-27,23,5386,fontaine,NOM,A2,6.4175,喷泉,auxiliary,foundational_content,agree,
lexicon-v1-2026-07-27,24,5602,furieux,ADJ,B1,29.4263,恼羞成怒；气冲冲,eligible,target_content_with_gloss,agree,
lexicon-v1-2026-07-27,25,11738,saute,NOM,B2,0.5566,,needs_review,low_frequency_missing_gloss,defer,Sense/POS is unclear without examples; keep out of the map pending review.
lexicon-v1-2026-07-27,26,7932,mathématicien,NOM,B2,2.827,数学家,eligible,target_content_with_gloss,agree,
lexicon-v1-2026-07-27,27,711,appréhender,VER,B2,0.7913,擒获,eligible,target_content_with_gloss,agree,CFDICT only reflects the arrest sense and misses understand/anticipate; gloss expansion required.
lexicon-v1-2026-07-27,28,3382,croque-monsieur,NOM,C1,0.0912,,needs_review,low_frequency_missing_gloss,override_eligible,Recognizable cultural lexical item; FLELex frequency understates practical value.
lexicon-v1-2026-07-27,29,13283,un,DET:ART,A1,24493.632,一把,auxiliary,closed_class,agree,
lexicon-v1-2026-07-27,30,4724,entendre,VER,A1,743.4353,听到；听见,auxiliary,foundational_content,agree,
lexicon-v1-2026-07-27,31,2048,cassation,NOM,C1,0.0614,,needs_review,low_frequency_missing_gloss,override_eligible,Valid C1 legal term with a clear family relation to casser/casser-law sense.
lexicon-v1-2026-07-27,32,10655,raison,NOM,A1,316.1925,原因；思路,auxiliary,foundational_content,agree,
lexicon-v1-2026-07-27,33,10313,prématurément,ADV,B2,0.5978,,needs_review,low_frequency_missing_gloss,override_eligible,Normal B2 adverb with predictable derivation.
lexicon-v1-2026-07-27,34,2260,chausson,NOM,B2,0.6502,布鞋；拖鞋,eligible,target_content_with_gloss,agree,
lexicon-v1-2026-07-27,35,864,assagir,VER,C2,0.0363,,excluded,outside_target_cefr,override_eligible,Useful derivational verb despite C2 assignment.
lexicon-v1-2026-07-27,36,6069,haie,NOM,B2,2.6016,不置可否；篱笆,eligible,target_content_with_gloss,agree,CFDICT includes an unrelated gloss; keep the hedge sense and remove 不置可否.
lexicon-v1-2026-07-27,37,7276,kilogramme,NOM,C1,0.0592,公斤；千克,eligible,target_content_with_gloss,agree,
lexicon-v1-2026-07-27,38,3538,d'ailleurs,ADV,B1,121.9952,之外；何况,needs_review,missing_lexique_alignment,override_auxiliary,Discourse connector; useful as an auxiliary but not a main lexical node.
lexicon-v1-2026-07-27,39,832,artifice,NOM,A2,8.1111,伎俩,auxiliary,foundational_content,agree,
lexicon-v1-2026-07-27,40,13576,virer,VER,B2,3.2139,拐弯儿；转帐,eligible,target_content_with_gloss,agree,
lexicon-v1-2026-07-27,41,11072,resserrer,VER,C1,0.0652,收紧；紧缩,eligible,target_content_with_gloss,agree,
lexicon-v1-2026-07-27,42,13580,virilité,NOM,B2,0.7094,阳刚,eligible,target_content_with_gloss,agree,
lexicon-v1-2026-07-27,43,7537,longuement,ADV,B1,16.2205,,eligible,target_content_high_frequency_missing_gloss,agree,
lexicon-v1-2026-07-27,44,278,agacer,VER,B2,2.5863,缠绕,eligible,target_content_with_gloss,agree,CFDICT gloss 缠绕 is wrong for the dominant sense; replace with 惹恼/刺激.
lexicon-v1-2026-07-27,45,982,attester,VER,B2,1.0311,证,eligible,target_content_with_gloss,agree,
lexicon-v1-2026-07-27,46,11067,ressemblance,NOM,B2,1.8223,相似,eligible,target_content_with_gloss,agree,
lexicon-v1-2026-07-27,47,10273,précoce,ADJ,B2,5.5203,早熟,eligible,target_content_with_gloss,agree,
lexicon-v1-2026-07-27,48,7963,maximal,ADJ,B2,0.6496,,needs_review,low_frequency_missing_gloss,override_eligible,Ordinary B2 adjective; missing gloss should not block inclusion.
lexicon-v1-2026-07-27,49,4353,dériver,VER,B2,1.2168,导出；得出,eligible,target_content_with_gloss,agree,
lexicon-v1-2026-07-27,50,11119,retransmettre,VER,C1,0.0975,转播,eligible,target_content_with_gloss,agree,
lexicon-v1-2026-07-27,51,3265,courir,VER,A1,188.3045,奔流；奔走,auxiliary,foundational_content,agree,
lexicon-v1-2026-07-27,52,2043,caserne,NOM,B1,3.8714,兵营,eligible,target_content_with_gloss,agree,
lexicon-v1-2026-07-27,53,9080,oxyde,NOM,B2,3.06,氧化物,eligible,target_content_with_gloss,agree,
lexicon-v1-2026-07-27,54,2878,confirmation,NOM,C2,0.0408,核准；确认,needs_review,advanced_tail,override_auxiliary,Common foundational noun; CEFR C2 appears implausibly high.
lexicon-v1-2026-07-27,55,4780,enviable,ADJ,B2,1.1456,骄人,eligible,target_content_with_gloss,agree,
lexicon-v1-2026-07-27,56,8967,oracle,NOM,C1,0.0652,天启,eligible,target_content_with_gloss,agree,
lexicon-v1-2026-07-27,57,5057,facile,ADJ,A1,104.5866,便利；容易,auxiliary,foundational_content,agree,
lexicon-v1-2026-07-27,58,6322,hélas,INT,B1,10.8961,呜；唉,excluded,non_content_pos,agree,
lexicon-v1-2026-07-27,59,1453,bière,NOM,A1,28.0588,啤酒；麦酒,auxiliary,foundational_content,agree,
lexicon-v1-2026-07-27,60,12652,tailler,VER,B2,4.6647,修剪；修整,eligible,target_content_with_gloss,agree,
lexicon-v1-2026-07-27,61,2885,conflictuel,ADJ,B2,0.5978,,needs_review,low_frequency_missing_gloss,override_eligible,Valid B2 adjective and useful family relation.
lexicon-v1-2026-07-27,62,13075,traversée,NOM,A2,4.5932,套管；航程,auxiliary,foundational_content,agree,
lexicon-v1-2026-07-27,63,3101,contribuer,VER,B1,39.9965,捐赠；贡献,eligible,target_content_with_gloss,agree,
lexicon-v1-2026-07-27,64,3151,coq,NOM,B1,12.5426,公鸡；红原鸡,eligible,target_content_with_gloss,agree,
lexicon-v1-2026-07-27,65,352,ainsi,KON,A2,112.4166,且说；也就是说,auxiliary,closed_class,agree,
lexicon-v1-2026-07-27,66,1462,blanchisseur,NOM,C2,0.0218,,excluded,outside_target_cefr,agree,
lexicon-v1-2026-07-27,67,3042,contingence,NOM,B2,1.5522,,eligible,target_content_high_frequency_missing_gloss,agree,
lexicon-v1-2026-07-27,68,13308,université,NOM,A1,112.8667,大学；高等院校,auxiliary,foundational_content,agree,
lexicon-v1-2026-07-27,69,998,attrister,VER,C1,0.0652,难受,eligible,target_content_with_gloss,agree,
lexicon-v1-2026-07-27,70,4423,désormais,ADV,B2,65.158,今后；从今以后,auxiliary,functional_adverb,agree,
lexicon-v1-2026-07-27,71,7125,ivoirien,ADJ,C1,0.1431,,needs_review,low_frequency_missing_gloss,override_excluded,Geographic/demonym tail; exclude from the main map by default.
lexicon-v1-2026-07-27,72,11268,roue,NOM,A1,26.8147,轮子,auxiliary,foundational_content,agree,
lexicon-v1-2026-07-27,73,14044,éphémère,ADJ,B2,1.0088,忽忽；浮云,eligible,target_content_with_gloss,agree,
lexicon-v1-2026-07-27,74,11888,serrure,NOM,B1,3.3711,楗；钥,eligible,target_content_with_gloss,agree,CFDICT 钥 is misleading; use 锁/锁具.
lexicon-v1-2026-07-27,75,11135,revigorer,VER,C2,0.0433,提神,needs_review,advanced_tail,override_eligible,Useful lexical verb and derivational family despite C2 assignment.
lexicon-v1-2026-07-27,76,5137,fatum,NOM,C1,0.0544,,needs_review,low_frequency_missing_gloss,override_excluded,Specialist Latinism with low learner value.
lexicon-v1-2026-07-27,77,13727,vénérable,ADJ,B2,0.7091,可敬,eligible,target_content_with_gloss,agree,
lexicon-v1-2026-07-27,78,7957,mauvais,ADJ,A1,139.7015,不佳；不善,auxiliary,foundational_content,agree,
lexicon-v1-2026-07-27,79,1139,aveugle,NOM,B1,5.8671,盲人；盲目,eligible,target_content_with_gloss,agree,
lexicon-v1-2026-07-27,80,3234,coulisse,NOM,B2,0.6227,内情；后台,eligible,target_content_with_gloss,agree,
lexicon-v1-2026-07-27,81,8605,naval,ADJ,C1,0.1304,,needs_review,low_frequency_missing_gloss,override_eligible,Normal C1 adjective; supply a gloss.
lexicon-v1-2026-07-27,82,7132,jadis,ADV,B2,3.716,往日；往昔,eligible,target_content_with_gloss,agree,
lexicon-v1-2026-07-27,83,7047,investisseur,NOM,C1,0.0652,投资人；投资者,eligible,target_content_with_gloss,agree,
lexicon-v1-2026-07-27,84,4527,embarras,NOM,B2,2.4981,周折；苦处,eligible,target_content_with_gloss,agree,
lexicon-v1-2026-07-27,85,6040,gérable,ADJ,C1,0.0975,,needs_review,low_frequency_missing_gloss,override_eligible,Common and productive C1 adjective.
lexicon-v1-2026-07-27,86,3976,ducat,NOM,B2,1.4093,,eligible,target_content_high_frequency_missing_gloss,override_excluded,Historical currency; frequency signal is not enough to justify main-map inclusion.
lexicon-v1-2026-07-27,87,4783,environ,ADV,A2,57.3155,上下；内外,auxiliary,functional_adverb,agree,
lexicon-v1-2026-07-27,88,871,assavoir,VER,B2,0.7094,,needs_review,missing_lexique_alignment,override_excluded,Archaic/lexicographically unstable form.
lexicon-v1-2026-07-27,89,2639,combattant,NOM,B1,2.3866,战士,eligible,target_content_with_gloss,agree,
lexicon-v1-2026-07-27,90,9009,orgueil,NOM,B2,7.5976,骄傲,eligible,target_content_with_gloss,agree,
lexicon-v1-2026-07-27,91,4462,dévastateur,ADJ,B2,1.5662,毁灭性,eligible,target_content_with_gloss,agree,
lexicon-v1-2026-07-27,92,5179,ferme,ADV,B1,19.32,农场；农庄,eligible,target_content_with_gloss,agree,The ADV node is valid but CFDICT supplies noun senses; needs POS-specific gloss.
lexicon-v1-2026-07-27,93,3255,courageux,NOM,C2,0.0089,勇敢；勇猛,excluded,missing_lexique_alignment_outside_target,agree,
lexicon-v1-2026-07-27,94,1440,bison,NOM,C2,0.0472,野牛,needs_review,advanced_tail,override_auxiliary,Concrete common noun; retain as non-priority support.
lexicon-v1-2026-07-27,95,2162,cession,NOM,C1,0.1431,,needs_review,low_frequency_missing_gloss,override_eligible,Valid C1 legal/business noun.
lexicon-v1-2026-07-27,96,6166,hindou,ADJ,C1,0.0657,,needs_review,low_frequency_missing_gloss,override_excluded,Demonym/religion adjective requires a separate proper-cultural policy.
lexicon-v1-2026-07-27,97,9779,pointu,ADJ,B2,1.9205,剑尖；尖尖,eligible,target_content_with_gloss,agree,
lexicon-v1-2026-07-27,98,2211,chapelain,NOM,C1,0.0657,,needs_review,low_frequency_missing_gloss,override_excluded,Specialist low-frequency occupation.
lexicon-v1-2026-07-27,99,12221,splendide,ADJ,B2,2.4738,光大；光辉,eligible,target_content_with_gloss,agree,
lexicon-v1-2026-07-27,100,3990,durable,ADJ,B2,26.3501,不衰；恒久,eligible,target_content_with_gloss,agree,
lexicon-v1-2026-07-27,101,6697,indéterminer,VER,C2,0.1431,,excluded,missing_lexique_alignment_outside_target,agree,
lexicon-v1-2026-07-27,102,3277,court-métrage,NOM,C2,0.0456,,excluded,outside_target_cefr,agree,
lexicon-v1-2026-07-27,103,785,armoire,NOM,B1,13.4307,机壳；柜子,eligible,target_content_with_gloss,agree,CFDICT 机壳 is a secondary technical sense; keep 衣柜/柜子 as the primary gloss.
lexicon-v1-2026-07-27,104,13509,vice,ADV,B2,0.4885,弊病；恶习,needs_review,missing_lexique_alignment,override_excluded,FLELex ADV analysis is a POS artifact; do not create this node.
lexicon-v1-2026-07-27,105,1529,bonnement,ADV,C1,0.0544,,needs_review,low_frequency_missing_gloss,override_excluded,Rare adverb with low network leverage.
lexicon-v1-2026-07-27,106,4759,entrepreneur,NOM,B2,2.1934,企业家；创业者,eligible,target_content_with_gloss,agree,
lexicon-v1-2026-07-27,107,7749,malgré,PRP,B1,81.7064,尽管,auxiliary,closed_class,agree,
lexicon-v1-2026-07-27,108,4168,définir,VER,A2,34.1742,确定；订定,auxiliary,foundational_content,agree,
lexicon-v1-2026-07-27,109,8727,notion,NOM,B1,20.2828,概念,eligible,target_content_with_gloss,agree,
lexicon-v1-2026-07-27,110,2800,con,NOM,B2,0.8669,傻B,eligible,target_content_with_gloss,agree,Valid but vulgar; add register metadata before publication.
lexicon-v1-2026-07-27,111,12622,sévèrement,ADV,B2,0.6971,从严；着实,eligible,target_content_with_gloss,agree,
lexicon-v1-2026-07-27,112,1138,aveuglant,ADJ,C2,0.0139,眩目；雪亮,needs_review,advanced_tail,override_eligible,Common derivational adjective; CEFR assignment appears too high.
lexicon-v1-2026-07-27,113,3021,contemplation,NOM,C1,0.1431,凝视；静修,eligible,target_content_with_gloss,agree,
lexicon-v1-2026-07-27,114,2493,clignement,NOM,C1,0.1431,,needs_review,low_frequency_missing_gloss,override_eligible,Valid C1 noun with a clear family relation.
lexicon-v1-2026-07-27,115,3590,demeure,NOM,B2,12.0057,住处；居所,eligible,target_content_with_gloss,agree,
lexicon-v1-2026-07-27,116,1945,capeline,NOM,C2,0.0401,,excluded,outside_target_cefr,agree,
lexicon-v1-2026-07-27,117,11839,semblable,ADJ,B1,18.995,一样；仿佛,eligible,target_content_with_gloss,agree,
lexicon-v1-2026-07-27,118,6165,hindi,NOM,C1,0.0652,,needs_review,low_frequency_missing_gloss,override_excluded,Language/proper-cultural node; outside default lexical-map policy.
lexicon-v1-2026-07-27,119,5051,fabriquer,VER,A1,47.1656,出品；制作,auxiliary,foundational_content,agree,
lexicon-v1-2026-07-27,120,7525,londonien,ADJ,B2,1.1907,,eligible,target_content_high_frequency_missing_gloss,override_excluded,Geographic derivative; exclude from main map.
lexicon-v1-2026-07-27,121,3716,digestion,NOM,B2,1.5545,,eligible,target_content_high_frequency_missing_gloss,agree,
lexicon-v1-2026-07-27,122,1213,baisser,VER,B1,51.6029,下跌；减低,eligible,target_content_with_gloss,agree,
lexicon-v1-2026-07-27,123,3853,diviser,VER,A2,31.4688,分成；分裂,auxiliary,foundational_content,agree,
lexicon-v1-2026-07-27,124,3115,convention,NOM,B1,22.4547,习俗；公约,eligible,target_content_with_gloss,agree,
lexicon-v1-2026-07-27,125,2320,chiper,VER,B2,1.0388,偷,eligible,target_content_with_gloss,agree,
lexicon-v1-2026-07-27,126,10743,ravage,NOM,B2,1.5204,,eligible,target_content_high_frequency_missing_gloss,agree,
lexicon-v1-2026-07-27,127,12492,surtout,ADV,A1,352.3972,切切；千万,auxiliary,foundational_content,agree,
lexicon-v1-2026-07-27,128,13480,vert,ADJ,A1,112.8047,绿色,auxiliary,foundational_content,agree,
lexicon-v1-2026-07-27,129,14196,évaluation,NOM,B2,7.817,估价；估值,eligible,target_content_with_gloss,agree,
lexicon-v1-2026-07-27,130,9123,palonnier,NOM,C1,0.0652,,needs_review,low_frequency_missing_gloss,override_excluded,Specialist technical noun with low target value.
lexicon-v1-2026-07-27,131,13294,uniforme,NOM,B1,8.3394,一律；一色,eligible,target_content_with_gloss,agree,
lexicon-v1-2026-07-27,132,5712,garnir,VER,B2,3.9138,摆设,eligible,target_content_with_gloss,agree,
lexicon-v1-2026-07-27,133,6759,infraction,NOM,B2,1.035,,eligible,target_content_high_frequency_missing_gloss,agree,
lexicon-v1-2026-07-27,134,2191,changeant,ADJ,B2,1.4463,善变,eligible,target_content_with_gloss,agree,
lexicon-v1-2026-07-27,135,2011,carnet,NOM,A2,7.368,小册子；手册,auxiliary,foundational_content,agree,
lexicon-v1-2026-07-27,136,3572,de,DET:ART,B1,24.2824,从中,auxiliary,closed_class,agree,
lexicon-v1-2026-07-27,137,8863,occipital,ADJ,C2,0.0218,,excluded,outside_target_cefr,agree,
lexicon-v1-2026-07-27,138,3575,dedans,ADV,B1,7.8895,在内；里边,eligible,target_content_with_gloss,override_auxiliary,Highly grammaticalized locative adverb; keep outside main coverage.
lexicon-v1-2026-07-27,139,7468,lisibilité,NOM,C1,0.0657,,needs_review,low_frequency_missing_gloss,override_eligible,Productive and useful C1 noun.
lexicon-v1-2026-07-27,140,1777,buveur,NOM,B2,1.3995,酒鬼,eligible,target_content_with_gloss,agree,
lexicon-v1-2026-07-27,141,12473,surmonter,VER,B1,3.6696,克服；突破,eligible,target_content_with_gloss,agree,
lexicon-v1-2026-07-27,142,3675,dia,INT,B2,0.6231,,excluded,non_content_pos,agree,
lexicon-v1-2026-07-27,143,1745,brève,NOM,B2,2.1297,,eligible,target_content_high_frequency_missing_gloss,agree,
lexicon-v1-2026-07-27,144,5313,flemmarder,VER,C1,0.1431,,needs_review,low_frequency_missing_gloss,override_eligible,Useful colloquial C1 verb and register relation.
lexicon-v1-2026-07-27,145,59,abyme,NOM,C1,0.0912,,needs_review,low_frequency_missing_gloss,override_eligible,Valid in the common expression mise en abyme; editorial context required.
lexicon-v1-2026-07-27,146,12793,terroriste,ADJ,C1,0.0614,恐怖分子,eligible,target_content_with_gloss,agree,ADJ node currently has a noun gloss; add adjective-specific Chinese.
lexicon-v1-2026-07-27,147,3599,demi-heure,NOM,A1,34.689,半小时,excluded,missing_lexique_alignment_outside_target,agree,
lexicon-v1-2026-07-27,148,6553,inattendu,ADJ,B2,6.6183,不料；出乎意料,eligible,target_content_with_gloss,agree,
lexicon-v1-2026-07-27,149,2033,carton,NOM,B1,14.3441,夹子；板纸,eligible,target_content_with_gloss,agree,
lexicon-v1-2026-07-27,150,1994,carcasse,NOM,B2,0.6065,尸首；构架,eligible,target_content_with_gloss,agree,
lexicon-v1-2026-07-27,151,1003,au,PRP:det,A1,7817.3809,,auxiliary,closed_class,agree,
lexicon-v1-2026-07-27,152,1670,bravo,INT,A1,14.3975,,excluded,non_content_pos,agree,
lexicon-v1-2026-07-27,153,541,ancien,NOM,B2,5.357,前辈；古老,eligible,target_content_with_gloss,agree,
lexicon-v1-2026-07-27,154,12159,sourciller,VER,C1,0.0975,,needs_review,low_frequency_missing_gloss,override_eligible,Valid C1 verb with strong phraseological value.
lexicon-v1-2026-07-27,155,10498,périphérie,NOM,B2,0.7407,周边；外围,eligible,target_content_with_gloss,agree,
lexicon-v1-2026-07-27,156,5727,gauche,ADJ,A1,88.7411,左；拙,auxiliary,foundational_content,agree,
lexicon-v1-2026-07-27,157,5342,fluvial,ADJ,C2,0.0456,,excluded,outside_target_cefr,agree,
lexicon-v1-2026-07-27,158,9801,poliment,ADV,B2,1.5485,,eligible,target_content_high_frequency_missing_gloss,agree,
lexicon-v1-2026-07-27,159,3059,contractuel,NOM,C2,0.1431,,needs_review,advanced_tail,agree,
lexicon-v1-2026-07-27,160,9883,porter,NOM,B1,3.8423,佩带；佩戴,needs_review,missing_lexique_alignment,defer,NOM analysis is not aligned in Lexique; inspect source contexts before deciding.
lexicon-v1-2026-07-27,161,4016,débattre,VER,B2,5.6314,争论；争辩,eligible,target_content_with_gloss,agree,
lexicon-v1-2026-07-27,162,13944,électroménager,NOM,B2,1.5718,家用电器；家电,eligible,target_content_with_gloss,agree,
lexicon-v1-2026-07-27,163,6476,impoli,ADJ,C1,0.0514,不客气；没家教,eligible,target_content_with_gloss,agree,
lexicon-v1-2026-07-27,164,6889,insuffisamment,ADV,C1,0.0544,,needs_review,low_frequency_missing_gloss,override_eligible,Normal productive C1 adverb.
lexicon-v1-2026-07-27,165,13847,économie,NOM,A2,71.9294,积蓄；经济,auxiliary,foundational_content,agree,
lexicon-v1-2026-07-27,166,1402,bienvenir,VER,A1,10.1097,,excluded,missing_lexique_alignment_outside_target,agree,
lexicon-v1-2026-07-27,167,7411,libre,ADJ,A1,166.1903,开源；敞口,auxiliary,foundational_content,agree,
lexicon-v1-2026-07-27,168,6548,inaltéré,ADJ,B2,0.6006,,needs_review,low_frequency_missing_gloss,override_eligible,Valid B2 adjective and useful derivation.
lexicon-v1-2026-07-27,169,3849,divertissement,NOM,B2,5.0101,娱乐；文娱,eligible,target_content_with_gloss,agree,
lexicon-v1-2026-07-27,170,5282,finnois,NOM,C1,0.1228,,needs_review,low_frequency_missing_gloss,override_excluded,Language/demonym node; outside default main-map policy.
lexicon-v1-2026-07-27,171,7842,marbre,NOM,B2,3.4774,大理石；玻璃球,eligible,target_content_with_gloss,agree,
lexicon-v1-2026-07-27,172,14226,évolution,NOM,A2,48.2617,动态；渐进,auxiliary,foundational_content,agree,
lexicon-v1-2026-07-27,173,9356,patte,NOM,B1,12.4681,爪儿；爪子,eligible,target_content_with_gloss,agree,
lexicon-v1-2026-07-27,174,826,arthurien,ADJ,B2,1.1119,,eligible,target_content_high_frequency_missing_gloss,override_excluded,Proper-cultural derivative with narrow domain.
lexicon-v1-2026-07-27,175,13758,z,NOM,B2,0.6556,,excluded,invalid_surface,agree,
lexicon-v1-2026-07-27,176,5325,flirter,VER,B2,1.0388,招蜂引蝶；搭讪,eligible,target_content_with_gloss,agree,
lexicon-v1-2026-07-27,177,3795,disquaire,NOM,C2,0.0472,,excluded,outside_target_cefr,agree,
lexicon-v1-2026-07-27,178,12513,suspecter,VER,C1,0.0544,猜疑；疑惑,eligible,target_content_with_gloss,agree,
lexicon-v1-2026-07-27,179,4372,désagrément,NOM,C1,0.0657,烦恼,eligible,target_content_with_gloss,agree,
lexicon-v1-2026-07-27,180,11360,réaménager,VER,B2,0.5955,,needs_review,low_frequency_missing_gloss,override_eligible,Common B2 verb; FLELex frequency is too low to be the sole gate.
lexicon-v1-2026-07-27,181,4334,dépouille,NOM,C1,0.0652,遗体,eligible,target_content_with_gloss,agree,
lexicon-v1-2026-07-27,182,4403,désinfecter,VER,C2,0.0096,消毒,needs_review,advanced_tail,override_eligible,Common practical verb; C2 assignment is implausibly high.
lexicon-v1-2026-07-27,183,2449,citronnier,NOM,C1,0.0652,,needs_review,low_frequency_missing_gloss,override_eligible,Valid transparent C1 noun with a clear family relation.
lexicon-v1-2026-07-27,184,6066,habité,ADJ,B2,0.8843,载人,eligible,target_content_with_gloss,agree,CFDICT 载人 is too narrow; add inhabited/animated senses.
lexicon-v1-2026-07-27,185,9486,perversité,NOM,C2,0.1431,,needs_review,advanced_tail,agree,
lexicon-v1-2026-07-27,186,13208,turbine,NOM,C2,0.0975,涡轮,needs_review,advanced_tail,agree,
lexicon-v1-2026-07-27,187,1535,boom,NOM,B2,0.7262,,needs_review,low_frequency_missing_gloss,override_eligible,Established loanword with useful economic/event senses.
lexicon-v1-2026-07-27,188,500,amphibiens,NOM,C2,0.1431,,excluded,missing_lexique_alignment_outside_target,agree,
lexicon-v1-2026-07-27,189,9439,perler,VER,C2,0.0433,,excluded,outside_target_cefr,agree,
lexicon-v1-2026-07-27,190,10572,quid,PRO,C1,0.2862,,auxiliary,closed_class,agree,
lexicon-v1-2026-07-27,191,13188,tsar,NOM,B2,0.9846,,needs_review,low_frequency_missing_gloss,override_eligible,Established B2 historical/political noun.
lexicon-v1-2026-07-27,192,11703,santé,NOM,A1,132.5981,体格；元气,auxiliary,foundational_content,agree,
lexicon-v1-2026-07-27,193,5359,folio,NOM,C2,0.0433,,excluded,outside_target_cefr,agree,
lexicon-v1-2026-07-27,194,5224,fiction,NOM,B1,25.0225,假定,eligible,target_content_with_gloss,agree,CFDICT 假定 is not an adequate primary gloss; use 小说/虚构.
lexicon-v1-2026-07-27,195,9164,par,PRP,A1,4243.7931,出于；在旁,auxiliary,closed_class,agree,
lexicon-v1-2026-07-27,196,6503,imprimante,NOM,C2,0.0212,打印机,needs_review,advanced_tail,override_auxiliary,Foundational common noun; C2 assignment is implausibly high.
lexicon-v1-2026-07-27,197,7398,leur,DET:POS,A1,2240.373,他们的；她们的,auxiliary,closed_class,agree,
lexicon-v1-2026-07-27,198,6227,hormis,PRP,B2,0.623,除了,auxiliary,closed_class,agree,
lexicon-v1-2026-07-27,199,6164,himalayen,ADJ,C1,0.1088,,needs_review,low_frequency_missing_gloss,override_excluded,Geographic derivative with narrow main-map value.
lexicon-v1-2026-07-27,200,12010,sociabilité,NOM,B2,4.0527,,eligible,target_content_high_frequency_missing_gloss,agree,
lexicon-v1-2026-07-27,201,7373,laver,VER,A1,58.8269,洗刷；洗去,auxiliary,foundational_content,agree,
lexicon-v1-2026-07-27,202,4064,déchiffrer,VER,B2,1.4571,破解；解码,eligible,target_content_with_gloss,agree,
lexicon-v1-2026-07-27,203,12891,tombola,NOM,C1,0.0514,摸彩,eligible,target_content_with_gloss,agree,
lexicon-v1-2026-07-27,204,7206,joute,NOM,C1,0.2176,比赛,eligible,target_content_with_gloss,agree,
lexicon-v1-2026-07-27,205,754,archipel,NOM,C2,0.0062,群岛,needs_review,advanced_tail,override_eligible,Common geography noun; C2 assignment is implausibly high.
lexicon-v1-2026-07-27,206,5610,fustiger,VER,B2,0.7262,苛责,eligible,target_content_with_gloss,agree,
lexicon-v1-2026-07-27,207,9242,parité,NOM,B2,5.186,比价,eligible,target_content_with_gloss,agree,CFDICT 比价 is too narrow/wrong; add parity/equality senses.
lexicon-v1-2026-07-27,208,5579,fréquenté,ADJ,C2,0.0233,,excluded,outside_target_cefr,agree,
lexicon-v1-2026-07-27,209,6512,improviste,ADV,C1,0.0592,,needs_review,missing_lexique_alignment,override_excluded,Normally lexicalized only in à l'improviste; bare ADV node is unstable.
lexicon-v1-2026-07-27,210,12346,subliminal,ADJ,C1,0.1951,,needs_review,low_frequency_missing_gloss,override_eligible,Valid C1 adjective.
lexicon-v1-2026-07-27,211,4656,enfilade,NOM,C1,0.0592,,needs_review,low_frequency_missing_gloss,override_eligible,Valid C1 noun with spatial/architectural value.
lexicon-v1-2026-07-27,212,12675,tapa,NOM,C2,0.0216,,excluded,outside_target_cefr,agree,
lexicon-v1-2026-07-27,213,3942,dracher,VER,C1,0.0657,,needs_review,missing_lexique_alignment,override_excluded,Regional verb; exclude from default standard-French map.
lexicon-v1-2026-07-27,214,12368,succession,NOM,B2,0.8268,继承；连环,eligible,target_content_with_gloss,agree,
lexicon-v1-2026-07-27,215,6826,inquiet,ADJ,A2,86.0433,不安；忐忑不安,auxiliary,foundational_content,agree,
lexicon-v1-2026-07-27,216,13291,unification,NOM,B2,1.558,合一,eligible,target_content_with_gloss,agree,
lexicon-v1-2026-07-27,217,7663,machin,NOM,B2,0.5982,东西,eligible,target_content_with_gloss,agree,
lexicon-v1-2026-07-27,218,8012,menuisier,NOM,B2,1.4489,木匠；木工,eligible,target_content_with_gloss,agree,
lexicon-v1-2026-07-27,219,6653,indiscipline,NOM,C2,0.0248,野性,needs_review,advanced_tail,override_eligible,Useful abstract noun; C2 assignment appears too high.
lexicon-v1-2026-07-27,220,3806,dissuader,VER,B2,1.5224,劝阻；告诫,eligible,target_content_with_gloss,agree,
lexicon-v1-2026-07-27,221,8693,non-stop,ADJ,C2,0.0276,直达,needs_review,advanced_tail,override_auxiliary,Common modifier but low relationship priority.
lexicon-v1-2026-07-27,222,11296,royalement,ADV,C2,0.0342,,excluded,outside_target_cefr,agree,
lexicon-v1-2026-07-27,223,1770,but,NOM,B1,66.6283,事由；入球,eligible,target_content_with_gloss,agree,CFDICT omits the dominant 目的/目标 sense.
lexicon-v1-2026-07-27,224,344,ailer,VER,C1,0.0652,,needs_review,low_frequency_missing_gloss,override_excluded,Rare specialist verb with low learner value.
lexicon-v1-2026-07-27,225,4633,encre,NOM,B2,3.6839,墨水；水墨,eligible,target_content_with_gloss,agree,
lexicon-v1-2026-07-27,226,6971,intervalle,NOM,B2,0.6191,区间；间距,eligible,target_content_with_gloss,agree,
lexicon-v1-2026-07-27,227,8349,moustique,NOM,B2,7.7963,蚊子,eligible,target_content_with_gloss,agree,
lexicon-v1-2026-07-27,228,1386,bicyclette,NOM,A1,14.2621,倒挂；单车,auxiliary,foundational_content,agree,
lexicon-v1-2026-07-27,229,6490,imposition,NOM,B2,2.2285,,eligible,target_content_high_frequency_missing_gloss,agree,
lexicon-v1-2026-07-27,230,7001,intrus,NOM,C2,0.0401,不速之客,needs_review,advanced_tail,override_eligible,Common useful noun despite C2 assignment.
lexicon-v1-2026-07-27,231,1549,boss,NOM,C2,0.0242,老板；首领,needs_review,advanced_tail,override_auxiliary,Common loanword; retain as support rather than C2 core.
lexicon-v1-2026-07-27,232,7304,lady,NOM,C1,0.0802,,needs_review,low_frequency_missing_gloss,override_excluded,Unintegrated English title with low French lexical-network value.
lexicon-v1-2026-07-27,233,11980,single,ADJ,C1,0.0592,单曲,needs_review,missing_lexique_alignment,defer,POS mismatch: French usage is primarily a noun; inspect before remapping.
lexicon-v1-2026-07-27,234,12956,tournesol,NOM,C1,0.4293,向日葵；葵花,eligible,target_content_with_gloss,agree,
lexicon-v1-2026-07-27,235,12439,supporter,NOM,B2,5.5689,力挺；受到,eligible,target_content_with_gloss,agree,NOM node has verb glosses; use supporter/fan noun sense.
lexicon-v1-2026-07-27,236,11719,satisfaction,NOM,B1,11.2028,,eligible,target_content_high_frequency_missing_gloss,agree,
lexicon-v1-2026-07-27,237,10733,rationaliser,VER,C2,0.0342,合理化；理化,needs_review,advanced_tail,override_eligible,Common productive verb; C2 assignment appears too high.
lexicon-v1-2026-07-27,238,10287,prédisposer,VER,C1,0.1228,预设,eligible,target_content_with_gloss,agree,CFDICT 预设 is misleading; use 使易于/使有倾向.
lexicon-v1-2026-07-27,239,72,accent,NOM,A1,20.7267,口吻；口音,auxiliary,foundational_content,agree,
lexicon-v1-2026-07-27,240,13347,va-comme-je-te-pousse,ADV,C1,0.0657,,needs_review,complex_expression,override_excluded,Complex rare expression; exclude from the v1 node universe.
lexicon-v1-2026-07-27,241,3719,digne,ADJ,B2,5.7233,严肃；体面,eligible,target_content_with_gloss,agree,
lexicon-v1-2026-07-27,242,7596,luth,NOM,C1,0.2786,琉特琴,eligible,target_content_with_gloss,agree,
lexicon-v1-2026-07-27,243,184,adjurer,VER,B2,0.7262,,needs_review,low_frequency_missing_gloss,override_eligible,Valid B2 literary verb with register value.
lexicon-v1-2026-07-27,244,8664,noble,NOM,B1,9.361,列侯；崇高,eligible,target_content_with_gloss,agree,
lexicon-v1-2026-07-27,245,12029,soi,PRO,B1,58.9706,小我,auxiliary,closed_class,agree,
lexicon-v1-2026-07-27,246,13546,vigilant,ADJ,B2,1.0806,提防；机警,eligible,target_content_with_gloss,agree,
lexicon-v1-2026-07-27,247,13421,veilleur,NOM,B2,1.0156,守护者；看守者,eligible,target_content_with_gloss,agree,
lexicon-v1-2026-07-27,248,10110,profiler,VER,B2,0.6485,侧写,eligible,target_content_with_gloss,agree,
lexicon-v1-2026-07-27,249,3262,courber,VER,B2,5.9438,弯腰,eligible,target_content_with_gloss,agree,
lexicon-v1-2026-07-27,250,7828,manzanilla,NOM,C1,0.0558,,needs_review,low_frequency_missing_gloss,override_excluded,Specialist foreign food/drink term.
lexicon-v1-2026-07-27,251,10536,quand,KON,A1,1284.7831,什么时候；何时,auxiliary,closed_class,agree,
lexicon-v1-2026-07-27,252,885,assidûment,ADV,C2,0.1431,刻意,needs_review,advanced_tail,override_eligible,Useful adverb and clear derivational relation despite C2 assignment.
lexicon-v1-2026-07-27,253,3979,duel,ADJ,C2,0.0975,决斗；对抗赛,needs_review,advanced_tail,defer,ADJ use is specialized; verify contexts and POS.
lexicon-v1-2026-07-27,254,12219,splash,NOM,C1,0.0614,,needs_review,missing_lexique_alignment,override_excluded,Unintegrated English form in this POS/source alignment.
lexicon-v1-2026-07-27,255,8119,mini,ADJ,B2,0.6721,迷你；迷你车,needs_review,missing_lexique_alignment,override_auxiliary,"Common modifier, but treat as support rather than core relation target."
lexicon-v1-2026-07-27,256,7382,leader,NOM,B2,0.8841,头儿；头领,eligible,target_content_with_gloss,agree,
lexicon-v1-2026-07-27,257,12735,tempo,NOM,B2,2.2206,,eligible,target_content_high_frequency_missing_gloss,agree,
lexicon-v1-2026-07-27,258,8028,message,NOM,A1,52.2988,帖子；讯息,auxiliary,foundational_content,agree,
lexicon-v1-2026-07-27,259,13369,vainqueur,NOM,B1,4.5079,胜利者；胜者,eligible,target_content_with_gloss,agree,
lexicon-v1-2026-07-27,260,12032,soif,NOM,A2,19.4563,口渴,auxiliary,foundational_content,agree,
lexicon-v1-2026-07-27,261,573,animal,NOM,A1,169.6866,动物；宠物,auxiliary,foundational_content,agree,
lexicon-v1-2026-07-27,262,4029,débouché,NOM,B2,0.6777,出路；去路,eligible,target_content_with_gloss,agree,
lexicon-v1-2026-07-27,263,8747,novateur,NOM,B2,1.4737,,eligible,target_content_high_frequency_missing_gloss,agree,
lexicon-v1-2026-07-27,264,1644,boîte,NOM,A1,83.9411,,auxiliary,foundational_content,agree,
lexicon-v1-2026-07-27,265,9140,panier,NOM,B1,7.1178,推车；篓子,eligible,target_content_with_gloss,agree,
lexicon-v1-2026-07-27,266,12338,subit,ADJ,B2,1.5649,猝；骤,eligible,target_content_with_gloss,agree,
lexicon-v1-2026-07-27,267,13626,vlan,INT,C1,0.0592,虚拟局域网,excluded,non_content_pos,agree,
lexicon-v1-2026-07-27,268,762,archétype,NOM,C2,0.035,典型；原型,needs_review,advanced_tail,override_eligible,Common abstract noun; C2 assignment appears too high.
lexicon-v1-2026-07-27,269,13215,turquoise,ADJ,C2,0.0233,土耳其玉；土耳其石,needs_review,advanced_tail,override_auxiliary,Common color adjective; retain as foundational support.
lexicon-v1-2026-07-27,270,8807,néologisme,NOM,C2,0.0363,,excluded,outside_target_cefr,agree,
lexicon-v1-2026-07-27,271,3669,devis,NOM,B2,1.4426,,eligible,target_content_high_frequency_missing_gloss,agree,
lexicon-v1-2026-07-27,272,7751,malheureusement,ADV,A2,32.6697,不堪回首；不巧,auxiliary,foundational_content,agree,
lexicon-v1-2026-07-27,273,8116,minet,NOM,C1,0.0544,,needs_review,low_frequency_missing_gloss,override_eligible,Valid colloquial noun with register and semantic-shift value.
lexicon-v1-2026-07-27,274,12254,stabilité,NOM,B1,2.9503,稳定性,eligible,target_content_with_gloss,agree,
lexicon-v1-2026-07-27,275,6635,indien,NOM,B2,3.5033,阿三,eligible,target_content_with_gloss,override_excluded,Demonym/proper-cultural node; CFDICT gloss 阿三 is derogatory and must never ship.
lexicon-v1-2026-07-27,276,6787,inimitié,NOM,C2,0.0401,,excluded,outside_target_cefr,agree,
lexicon-v1-2026-07-27,277,10505,pétale,NOM,C1,0.2862,花瓣,eligible,target_content_with_gloss,agree,
lexicon-v1-2026-07-27,278,13039,transir,VER,C1,0.0652,,needs_review,low_frequency_missing_gloss,override_eligible,Valid literary C1 verb with strong collocational value.
lexicon-v1-2026-07-27,279,1643,bozo,NOM,C2,0.0456,,excluded,outside_target_cefr,agree,
lexicon-v1-2026-07-27,280,8392,murmurer,VER,B1,11.2193,低吟；咕哝,eligible,target_content_with_gloss,agree,
lexicon-v1-2026-07-27,281,2787,comptoir,NOM,B2,4.2386,拦柜；柜台,eligible,target_content_with_gloss,agree,
lexicon-v1-2026-07-27,282,8542,métro,NOM,A1,37.0444,地铁；城铁,auxiliary,foundational_content,agree,
lexicon-v1-2026-07-27,283,8362,moyenner,VER,B2,1.5019,,eligible,target_content_high_frequency_missing_gloss,agree,
lexicon-v1-2026-07-27,284,3788,dispos,ADJ,C1,0.0657,,needs_review,low_frequency_missing_gloss,override_excluded,Plural/colloquial surface form; should be an alias if retained.
lexicon-v1-2026-07-27,285,10571,quiconque,PRO,B2,0.684,任何人；凡是,auxiliary,closed_class,agree,
lexicon-v1-2026-07-27,286,6602,inconnu,ADJ,A2,24.3143,不得而知；不明,auxiliary,foundational_content,agree,
lexicon-v1-2026-07-27,287,14058,épinard,NOM,B2,0.6355,菠菜,eligible,target_content_with_gloss,agree,
lexicon-v1-2026-07-27,288,509,amusement,NOM,B2,0.665,,needs_review,low_frequency_missing_gloss,override_eligible,Normal B2 noun.
lexicon-v1-2026-07-27,289,13788,ès,PRP,C1,0.0652,,auxiliary,closed_class,agree,
lexicon-v1-2026-07-27,290,2512,clivage,NOM,B2,0.725,,needs_review,low_frequency_missing_gloss,override_eligible,High-value B2 abstract noun with contrast relations.
lexicon-v1-2026-07-27,291,9323,passé,PRP,C2,0.0284,往事；来路,auxiliary,closed_class,agree,
lexicon-v1-2026-07-27,292,2209,chapeau,NOM,A2,55.0706,头条；帽子,auxiliary,foundational_content,agree,
lexicon-v1-2026-07-27,293,1397,bienheureux,ADJ,C2,0.0433,畅快,needs_review,advanced_tail,override_eligible,Useful lexical/register relation to heureux despite C2 assignment.
lexicon-v1-2026-07-27,294,7609,lyonnais,ADJ,B1,2.4297,,eligible,target_content_high_frequency_missing_gloss,override_excluded,Geographic/demonym derivative.
lexicon-v1-2026-07-27,295,7602,luzerne,NOM,C1,0.0592,苜,eligible,target_content_with_gloss,agree,
lexicon-v1-2026-07-27,296,144,acquéreur,NOM,B2,0.7202,,needs_review,low_frequency_missing_gloss,override_eligible,Normal B2 business/legal noun.
lexicon-v1-2026-07-27,297,5529,fripier,NOM,C1,0.0614,,needs_review,low_frequency_missing_gloss,override_eligible,Valid C1 occupation noun with transparent family relation.
lexicon-v1-2026-07-27,298,1803,bénéfique,ADJ,B2,3.5807,有助；有益,eligible,target_content_with_gloss,agree,
lexicon-v1-2026-07-27,299,9462,personnage,NOM,A1,127.3501,主角；人士,auxiliary,foundational_content,agree,
lexicon-v1-2026-07-27,300,12940,toucher,VER,A1,120.3598,击中；动手,auxiliary,foundational_content,agree,
lexicon-v1-2026-07-27,301,4149,défaitisme,NOM,C2,0.0975,,excluded,outside_target_cefr,agree,
lexicon-v1-2026-07-27,302,6667,individualisme,NOM,B2,3.2508,,eligible,target_content_high_frequency_missing_gloss,agree,
lexicon-v1-2026-07-27,303,2805,concentrer,VER,B1,15.3373,倾注；浓缩,eligible,target_content_with_gloss,agree,
lexicon-v1-2026-07-27,304,12408,sujet,NOM,A2,114.4604,东西；主体,auxiliary,foundational_content,agree,
lexicon-v1-2026-07-27,305,2380,chèque,NOM,A1,21.0741,支票,auxiliary,foundational_content,agree,
lexicon-v1-2026-07-27,306,1155,avoine,NOM,C2,0.0134,,excluded,outside_target_cefr,agree,
lexicon-v1-2026-07-27,307,9308,passe-passe,NOM,C2,0.0975,,excluded,outside_target_cefr,agree,
lexicon-v1-2026-07-27,308,1300,basaner,VER,C1,0.0652,,needs_review,low_frequency_missing_gloss,override_excluded,Rare specialist verb.
lexicon-v1-2026-07-27,309,6363,identité,NOM,A1,75.2358,映上映射；身份,auxiliary,foundational_content,agree,CFDICT 映上映射 is corrupt; keep 身份/同一性.
lexicon-v1-2026-07-27,310,12659,talon,NOM,B1,6.2828,尺度；脚跟,eligible,target_content_with_gloss,agree,
lexicon-v1-2026-07-27,311,1380,bibliographique,ADJ,B2,0.7913,,needs_review,low_frequency_missing_gloss,override_eligible,Normal B2 academic adjective.
lexicon-v1-2026-07-27,312,6160,hier,VER,B1,15.7078,昨儿；昨儿个,needs_review,missing_lexique_alignment,override_excluded,VER analysis is a tagging artifact; hier belongs to an auxiliary ADV node.
lexicon-v1-2026-07-27,313,7869,marine,NOM,B2,1.4815,水师；海军,eligible,target_content_with_gloss,agree,
lexicon-v1-2026-07-27,314,14230,évêque,NOM,B1,6.2764,主教,eligible,target_content_with_gloss,agree,
lexicon-v1-2026-07-27,315,5269,finalisé,ADJ,C1,0.0975,,needs_review,missing_lexique_alignment,override_eligible,Valid C1 adjective/participle; resolve alias policy later.
lexicon-v1-2026-07-27,316,3616,dentier,NOM,C2,0.0408,假牙；牙托,needs_review,advanced_tail,override_auxiliary,Common concrete noun; CEFR C2 appears too high.
lexicon-v1-2026-07-27,317,726,aptitude,NOM,B2,3.4691,性向；才干,eligible,target_content_with_gloss,agree,
lexicon-v1-2026-07-27,318,13071,travelling,NOM,C1,0.0614,,needs_review,low_frequency_missing_gloss,override_eligible,Established cinema noun in French.
lexicon-v1-2026-07-27,319,7203,journalisme,NOM,B2,8.6427,新闻学,eligible,target_content_with_gloss,agree,
lexicon-v1-2026-07-27,320,5508,frauduleux,ADJ,C1,0.0657,,needs_review,low_frequency_missing_gloss,override_eligible,Normal C1 adjective.
lexicon-v1-2026-07-27,321,2262,chaussée,NOM,B2,1.7884,车行道；铺面,eligible,target_content_with_gloss,agree,
lexicon-v1-2026-07-27,322,9318,passionnel,ADJ,B2,1.4613,,eligible,target_content_high_frequency_missing_gloss,agree,
lexicon-v1-2026-07-27,323,12879,toiture,NOM,C1,0.0698,,needs_review,low_frequency_missing_gloss,override_eligible,Common C1 noun.
lexicon-v1-2026-07-27,324,9631,pistolet,NOM,B2,4.6722,手枪,eligible,target_content_with_gloss,agree,
lexicon-v1-2026-07-27,325,13,aboiement,NOM,B2,0.6647,汪,eligible,target_content_with_gloss,agree,
lexicon-v1-2026-07-27,326,13388,vampire,NOM,B2,0.6531,吸血蝙蝠；吸血鬼,eligible,target_content_with_gloss,agree,
lexicon-v1-2026-07-27,327,10004,presque,ADV,A1,239.904,几乎；将近,auxiliary,functional_adverb,agree,
lexicon-v1-2026-07-27,328,11970,simpliste,ADJ,B2,1.4498,素朴,eligible,target_content_with_gloss,agree,
lexicon-v1-2026-07-27,329,960,attaquant,NOM,C1,0.0652,攻击者,eligible,target_content_with_gloss,agree,
lexicon-v1-2026-07-27,330,2053,casse-tête,NOM,B2,0.9362,,needs_review,low_frequency_missing_gloss,override_eligible,High-value compound and semantic-shift item.
lexicon-v1-2026-07-27,331,976,attentiste,ADJ,C1,0.0975,,needs_review,low_frequency_missing_gloss,override_eligible,Valid C1 adjective with register/political nuance.
lexicon-v1-2026-07-27,332,7996,mensuel,NOM,C2,0.0248,单月；月度,needs_review,advanced_tail,defer,NOM use is valid but secondary; inspect frequency contexts.
lexicon-v1-2026-07-27,333,2392,ci,ADV,C1,0.0975,,auxiliary,functional_adverb,agree,
lexicon-v1-2026-07-27,334,7424,licenciement,NOM,B2,0.6471,解雇,eligible,target_content_with_gloss,agree,
lexicon-v1-2026-07-27,335,1470,blessure,NOM,A2,30.3794,伤口；创伤,auxiliary,foundational_content,agree,
lexicon-v1-2026-07-27,336,7864,mariage,NOM,A1,182.4876,婚事；婚姻,auxiliary,foundational_content,agree,
lexicon-v1-2026-07-27,337,10624,radio,ADJ,A2,7.256,电台,excluded,missing_lexique_alignment_outside_target,override_auxiliary,Common invariant modifier; Lexique POS mismatch should not delete it.
lexicon-v1-2026-07-27,338,2947,consensus,NOM,B2,2.5857,共识,eligible,target_content_with_gloss,agree,
lexicon-v1-2026-07-27,339,12321,stupidité,NOM,C1,0.0657,傻劲儿；惊愕,eligible,target_content_with_gloss,agree,CFDICT 惊愕 is wrong; use 愚蠢/蠢事.
lexicon-v1-2026-07-27,340,11042,reptation,NOM,C1,0.1431,,needs_review,low_frequency_missing_gloss,override_excluded,Specialist technical noun with low learner value.
lexicon-v1-2026-07-27,341,8465,médias,NOM,A2,67.0193,传媒,excluded,missing_lexique_alignment_outside_target,override_auxiliary,Plural surface form; retain only as an alias/support for média.
lexicon-v1-2026-07-27,342,10612,raclette,NOM,C2,0.0233,,excluded,outside_target_cefr,agree,
lexicon-v1-2026-07-27,343,8763,nuisance,NOM,B2,4.0556,劳什子,eligible,target_content_with_gloss,agree,CFDICT 劳什子 is wrong; use 妨害/危害.
lexicon-v1-2026-07-27,344,12704,tauzin,NOM,C1,0.0544,,needs_review,low_frequency_missing_gloss,override_excluded,Obscure species/proper tail item.
lexicon-v1-2026-07-27,345,6884,instruction,NOM,B2,6.8475,学识；教诲,eligible,target_content_with_gloss,agree,
lexicon-v1-2026-07-27,346,6317,hé,INT,A2,11.5707,,excluded,non_content_pos,agree,
lexicon-v1-2026-07-27,347,1650,braise,NOM,C2,0.0401,,excluded,outside_target_cefr,agree,
lexicon-v1-2026-07-27,348,238,affectionner,VER,B2,0.6644,爱,eligible,target_content_with_gloss,agree,
lexicon-v1-2026-07-27,349,6456,impatience,NOM,B2,11.1784,不耐烦,eligible,target_content_with_gloss,agree,
lexicon-v1-2026-07-27,350,5497,franque,ADJ,C1,0.0544,,needs_review,low_frequency_missing_gloss,override_excluded,Proper-historical/gendered inflection with low v1 value.
lexicon-v1-2026-07-27,351,13618,vitré,ADJ,C1,0.0514,,needs_review,low_frequency_missing_gloss,override_eligible,Normal C1 adjective.
lexicon-v1-2026-07-27,352,4580,empoisonné,ADJ,C2,0.0371,毒,excluded,missing_lexique_alignment_outside_target,defer,Common participial adjective but POS/lemma alignment is unresolved.
lexicon-v1-2026-07-27,353,3114,convenir,VER,B1,15.9398,适合,eligible,target_content_with_gloss,agree,
lexicon-v1-2026-07-27,354,12301,strapontin,NOM,C1,0.0652,,needs_review,low_frequency_missing_gloss,override_eligible,Valid C1 noun with literal/figurative contrast value.
lexicon-v1-2026-07-27,355,9254,parmi,PRP,A2,129.9396,中间；之一,auxiliary,closed_class,agree,
lexicon-v1-2026-07-27,356,10674,rameau,NOM,C1,0.1431,派系,eligible,target_content_with_gloss,agree,
lexicon-v1-2026-07-27,357,7000,introverti,ADJ,C1,0.1431,内向；内敛,eligible,target_content_with_gloss,agree,
lexicon-v1-2026-07-27,358,11047,repérer,VER,B2,4.3142,定位；定向,eligible,target_content_with_gloss,agree,
lexicon-v1-2026-07-27,359,713,apprêter,VER,B2,2.3833,,eligible,target_content_high_frequency_missing_gloss,agree,
lexicon-v1-2026-07-27,360,4208,délibérément,ADV,C1,0.0975,偏偏；成心,eligible,target_content_with_gloss,agree,
lexicon-v1-2026-07-27,361,953,atrocité,NOM,C2,0.0218,暴行,needs_review,advanced_tail,override_eligible,Common abstract noun; C2 assignment appears too high.
lexicon-v1-2026-07-27,362,12668,tandis,KON,B1,44.0011,,auxiliary,closed_class,agree,
lexicon-v1-2026-07-27,363,11554,rétamer,VER,C1,0.1028,,needs_review,low_frequency_missing_gloss,override_eligible,Useful colloquial C1 verb and register relation.
lexicon-v1-2026-07-27,364,10185,propriétaire,ADJ,B1,11.6627,业主；主人,needs_review,missing_lexique_alignment,override_eligible,Valid adjective; Lexique alignment gap should not remove it.
lexicon-v1-2026-07-27,365,3459,cuivré,ADJ,C2,0.0233,,excluded,outside_target_cefr,agree,
lexicon-v1-2026-07-27,366,9839,pompier,ADJ,B2,0.6449,,needs_review,low_frequency_missing_gloss,override_eligible,The adjective has a distinctive art-register sense worth mapping.
lexicon-v1-2026-07-27,367,7739,maladroit,ADJ,B2,1.5276,下不来；半生不熟,eligible,target_content_with_gloss,agree,CFDICT glosses are poor; use 笨拙/不圆通.
lexicon-v1-2026-07-27,368,9585,pigiste,NOM,C2,0.0342,,excluded,outside_target_cefr,agree,
lexicon-v1-2026-07-27,369,6679,induire,VER,B2,1.4975,勾起；导出,eligible,target_content_with_gloss,agree,
lexicon-v1-2026-07-27,370,5208,feuilletoniste,NOM,B2,0.6674,,needs_review,low_frequency_missing_gloss,defer,Valid but narrow occupation; await coverage-priority decision.
lexicon-v1-2026-07-27,371,10168,pronostiquer,VER,C1,0.0975,捉摸,eligible,target_content_with_gloss,agree,CFDICT 捉摸 is misleading; use 预测/预判.
lexicon-v1-2026-07-27,372,6189,hollandais,ADJ,C2,0.0218,荷兰人,needs_review,advanced_tail,override_excluded,Demonym/geographic node; outside default policy.
lexicon-v1-2026-07-27,373,9015,orienter,VER,B2,16.9785,导向；指导,eligible,target_content_with_gloss,agree,
lexicon-v1-2026-07-27,374,8829,obscurcir,VER,C2,0.0342,,excluded,outside_target_cefr,defer,Useful verb but C2/outside-threshold evidence is weak; inspect relation potential.
lexicon-v1-2026-07-27,375,4268,démotivation,NOM,C2,0.0342,,excluded,outside_target_cefr,agree,
lexicon-v1-2026-07-27,376,13161,trotter,VER,B2,1.498,,eligible,target_content_high_frequency_missing_gloss,agree,
lexicon-v1-2026-07-27,377,431,allégorie,NOM,B2,2.1296,讽喻；风喻,eligible,target_content_with_gloss,agree,
lexicon-v1-2026-07-27,378,2167,chaise,NOM,A2,55.7815,座椅；椅子,auxiliary,foundational_content,agree,
lexicon-v1-2026-07-27,379,9767,poil,NOM,B1,9.4844,毛；毫,eligible,target_content_with_gloss,agree,
lexicon-v1-2026-07-27,380,5843,gouverner,VER,B2,4.2015,当世；执政,eligible,target_content_with_gloss,agree,
lexicon-v1-2026-07-27,381,1782,bâillement,NOM,B2,0.4602,呵欠；哈欠,eligible,target_content_with_gloss,agree,
lexicon-v1-2026-07-27,382,6385,il,PRO,A1,17460.1527,丌；他,auxiliary,closed_class,agree,
lexicon-v1-2026-07-27,383,10683,rampe,NOM,B2,0.4907,扶手,eligible,target_content_with_gloss,agree,
lexicon-v1-2026-07-27,384,5410,former,VER,A1,89.432,培训；建成,auxiliary,foundational_content,agree,
lexicon-v1-2026-07-27,385,5954,grouper,VER,B2,1.5267,组,eligible,target_content_with_gloss,agree,
lexicon-v1-2026-07-27,386,2149,certes,ADV,B1,31.8565,谌,auxiliary,functional_adverb,agree,
lexicon-v1-2026-07-27,387,6624,indemnisation,NOM,B2,0.6892,补偿费,eligible,target_content_with_gloss,agree,
lexicon-v1-2026-07-27,388,13333,utile,ADJ,A2,45.9133,好用；有助,auxiliary,foundational_content,agree,
lexicon-v1-2026-07-27,389,8186,modeste,ADJ,B1,23.0311,客气；虚心,eligible,target_content_with_gloss,agree,
lexicon-v1-2026-07-27,390,136,achoppement,NOM,C1,0.0975,,needs_review,low_frequency_missing_gloss,override_eligible,"Valid C1 abstract noun, especially point d'achoppement."
lexicon-v1-2026-07-27,391,11030,repoussoir,NOM,C1,0.0975,,needs_review,low_frequency_missing_gloss,override_eligible,Valid C1 noun with literal/figurative value.
lexicon-v1-2026-07-27,392,11884,serpentin,NOM,C1,0.2862,,needs_review,low_frequency_missing_gloss,override_eligible,Valid C1 polysemous noun.
lexicon-v1-2026-07-27,393,12332,sténodactylographe,NOM,C1,0.0592,,needs_review,missing_lexique_alignment,override_excluded,Obsolete/narrow occupation.
lexicon-v1-2026-07-27,394,6367,idiot,NOM,B1,6.2178,傻子；傻瓜,eligible,target_content_with_gloss,agree,
lexicon-v1-2026-07-27,395,2746,comploter,VER,C2,0.0401,图谋；暗算,needs_review,advanced_tail,override_eligible,Common useful verb; C2 assignment appears too high.
lexicon-v1-2026-07-27,396,11213,rocaille,NOM,C2,0.1431,假山,needs_review,advanced_tail,agree,
lexicon-v1-2026-07-27,397,3071,contrarier,VER,B2,0.4478,,needs_review,low_frequency_missing_gloss,override_eligible,Normal B2 verb.
lexicon-v1-2026-07-27,398,3754,directeur,ADJ,B2,5.8308,主任；主导,eligible,target_content_with_gloss,agree,ADJ node has noun gloss; add directeur/directrice governing/directive sense.
lexicon-v1-2026-07-27,399,5792,glande,NOM,C2,0.1431,腺,needs_review,advanced_tail,override_auxiliary,Common anatomy noun but not a priority relation target.
lexicon-v1-2026-07-27,400,12011,sociable,ADJ,C1,0.0514,,needs_review,low_frequency_missing_gloss,override_eligible,Common C1 adjective and useful contrast with social.
lexicon-v1-2026-07-27,401,4782,envier,VER,B1,10.0946,吃味；嫉妒,eligible,target_content_with_gloss,agree,
lexicon-v1-2026-07-27,402,5432,fosse,NOM,B2,5.0463,坑；坜,eligible,target_content_with_gloss,agree,
lexicon-v1-2026-07-27,403,6376,idéaliste,ADJ,C2,0.0342,,excluded,outside_target_cefr,agree,
lexicon-v1-2026-07-27,404,12743,tenace,ADJ,B2,3.0456,任性；坚毅,eligible,target_content_with_gloss,agree,
lexicon-v1-2026-07-27,405,11546,résulter,VER,B2,11.33,,eligible,target_content_high_frequency_missing_gloss,agree,
lexicon-v1-2026-07-27,406,9447,perplexité,NOM,C2,0.0408,不知所措,needs_review,advanced_tail,override_eligible,Useful abstract noun; C2 assignment appears too high.
lexicon-v1-2026-07-27,407,8835,observer,VER,A1,88.2666,一睹；看到,auxiliary,foundational_content,agree,
lexicon-v1-2026-07-27,408,11348,réadaptation,NOM,B2,0.6122,,needs_review,low_frequency_missing_gloss,override_eligible,Normal B2 derivational noun.
lexicon-v1-2026-07-27,409,6711,inexprimablement,ADV,C2,0.0433,,excluded,missing_lexique_alignment_outside_target,agree,
lexicon-v1-2026-07-27,410,1790,bé,INT,C2,0.0464,,excluded,non_content_pos,agree,
lexicon-v1-2026-07-27,411,6195,homo,ADJ,C2,0.02,G友,needs_review,advanced_tail,defer,Register-sensitive abbreviation; CFDICT G友 is unsuitable for publication.
lexicon-v1-2026-07-27,412,11745,sauvegarder,VER,C1,0.0652,保卫；保存,eligible,target_content_with_gloss,agree,
lexicon-v1-2026-07-27,413,8966,or,KON,B2,15.8837,金子；金色,auxiliary,closed_class,agree,
lexicon-v1-2026-07-27,414,7510,loge,NOM,B2,6.7763,包厢,eligible,target_content_with_gloss,agree,
lexicon-v1-2026-07-27,415,7588,lunaire,ADJ,C1,0.351,阴,eligible,target_content_with_gloss,agree,CFDICT 阴 is too narrow; add lunar and absent-minded senses.
lexicon-v1-2026-07-27,416,11587,révolutionnaire,ADJ,B1,11.8489,革命；革命性,eligible,target_content_with_gloss,agree,
lexicon-v1-2026-07-27,417,4990,express,NOM,C1,0.1951,快车,eligible,target_content_with_gloss,agree,
lexicon-v1-2026-07-27,418,8073,midi,NOM,A1,83.4151,中午；日中,auxiliary,foundational_content,agree,
lexicon-v1-2026-07-27,419,9144,panneau,NOM,A2,9.1787,面板,auxiliary,foundational_content,agree,
lexicon-v1-2026-07-27,420,63,acacia,NOM,C2,0.1431,槐,needs_review,advanced_tail,override_auxiliary,Common concrete plant noun; keep as support.
lexicon-v1-2026-07-27,421,11998,siècle,NOM,A1,361.7502,世纪,auxiliary,foundational_content,agree,
lexicon-v1-2026-07-27,422,13160,troquer,VER,C2,0.0342,博；换,needs_review,advanced_tail,override_eligible,Useful verb; C2 assignment appears too high.
lexicon-v1-2026-07-27,423,5093,familiariser,VER,B2,0.5513,,needs_review,low_frequency_missing_gloss,override_eligible,Normal B2 verb and derivational relation.
lexicon-v1-2026-07-27,424,7117,issu,ADJ,B2,33.3812,,eligible,target_content_high_frequency_missing_gloss,agree,
lexicon-v1-2026-07-27,425,1447,bitume,NOM,C1,0.2862,沥青,eligible,target_content_with_gloss,agree,
lexicon-v1-2026-07-27,426,6856,inspecteur,NOM,A2,26.1957,督察,auxiliary,foundational_content,agree,
lexicon-v1-2026-07-27,427,11695,sans,KON,C1,0.051,不加；不带,auxiliary,closed_class,agree,
lexicon-v1-2026-07-27,428,2247,chateaubriand,NOM,C2,0.0342,,excluded,outside_target_cefr,agree,
lexicon-v1-2026-07-27,429,2897,confrontation,NOM,C1,0.0975,交锋；对抗,eligible,target_content_with_gloss,agree,
lexicon-v1-2026-07-27,430,621,anticonformiste,ADJ,C2,0.0472,,excluded,outside_target_cefr,agree,
lexicon-v1-2026-07-27,431,4793,envoyer,VER,A1,234.2927,下达；传给,auxiliary,foundational_content,agree,
lexicon-v1-2026-07-27,432,8090,militantisme,NOM,B2,0.6561,,needs_review,low_frequency_missing_gloss,override_eligible,Valid B2 abstract noun.
lexicon-v1-2026-07-27,433,4495,effet,NOM,A1,366.0571,作用；影响,auxiliary,foundational_content,agree,
lexicon-v1-2026-07-27,434,10457,pâture,NOM,B2,0.9238,,needs_review,low_frequency_missing_gloss,override_eligible,Valid B2 noun with literal/figurative uses.
lexicon-v1-2026-07-27,435,7581,lui-même,PRO,A2,75.7226,他自己；它本身,auxiliary,closed_class,agree,
lexicon-v1-2026-07-27,436,13454,vergogne,NOM,C1,0.1315,羞耻,eligible,target_content_with_gloss,agree,
lexicon-v1-2026-07-27,437,8769,numération,NOM,C2,0.0975,虚部,needs_review,advanced_tail,defer,Technical C2 term; CFDICT 虚部 is wrong.
lexicon-v1-2026-07-27,438,1622,bourgeoisie,NOM,B1,1.9586,资产阶级,eligible,target_content_with_gloss,agree,
lexicon-v1-2026-07-27,439,10728,rater,VER,B1,10.1925,失败；泡汤,eligible,target_content_with_gloss,agree,
lexicon-v1-2026-07-27,440,9217,parent,NOM,B2,7.4414,亲戚；亲眷,eligible,target_content_with_gloss,agree,
lexicon-v1-2026-07-27,441,7342,lapidaire,ADJ,C2,0.0456,,excluded,outside_target_cefr,override_eligible,High-value register adjective despite C2 assignment.
lexicon-v1-2026-07-27,442,11003,renvoi,NOM,C1,0.0515,回馈；附注,eligible,target_content_with_gloss,agree,
lexicon-v1-2026-07-27,443,4182,dégaine,NOM,C1,0.0657,,needs_review,low_frequency_missing_gloss,override_eligible,Useful colloquial C1 noun.
lexicon-v1-2026-07-27,444,11629,sacrifice,NOM,B2,0.8049,牲礼；牺牲,eligible,target_content_with_gloss,agree,
lexicon-v1-2026-07-27,445,7023,intériorisation,NOM,C1,0.0652,,needs_review,low_frequency_missing_gloss,override_eligible,Valid C1 abstract noun and transparent derivation.
lexicon-v1-2026-07-27,446,453,aléatoire,ADJ,B2,1.4842,惙,eligible,target_content_with_gloss,agree,CFDICT 惙 is corrupt; use 随机/不确定.
lexicon-v1-2026-07-27,447,4340,déprimer,VER,B1,2.7099,,eligible,target_content_high_frequency_missing_gloss,agree,
lexicon-v1-2026-07-27,448,3301,couvreur,NOM,C2,0.0232,,excluded,outside_target_cefr,override_auxiliary,Common occupation noun; C2 assignment appears too high.
lexicon-v1-2026-07-27,449,2691,commune,NOM,B1,23.0477,公社；直辖市,eligible,target_content_with_gloss,agree,
lexicon-v1-2026-07-27,450,8881,océanographe,NOM,C1,0.1951,,needs_review,low_frequency_missing_gloss,override_eligible,Valid C1 transparent occupation noun.
lexicon-v1-2026-07-27,451,5653,fêlé,ADJ,C1,0.0657,,needs_review,low_frequency_missing_gloss,override_eligible,High-value literal/figurative adjective.
lexicon-v1-2026-07-27,452,9984,poêle,NOM,B2,1.5363,火炉；灶具,eligible,target_content_with_gloss,agree,
lexicon-v1-2026-07-27,453,4918,exclusif,ADJ,C2,0.1431,专属；独享,needs_review,advanced_tail,override_eligible,Common adjective; C2 assignment appears too high.
lexicon-v1-2026-07-27,454,4594,empêtrer,VER,C1,0.1431,,needs_review,low_frequency_missing_gloss,override_eligible,"Useful C1 verb, especially reflexive figurative use."
lexicon-v1-2026-07-27,455,2844,concurrent,NOM,B2,5.0423,参赛者；对手,eligible,target_content_with_gloss,agree,
lexicon-v1-2026-07-27,456,10727,ratatouille,NOM,C1,0.0657,,needs_review,low_frequency_missing_gloss,override_eligible,Recognizable cultural noun and possible figurative relation.
lexicon-v1-2026-07-27,457,12353,substance,NOM,B2,6.4743,养分；养料,eligible,target_content_with_gloss,agree,
lexicon-v1-2026-07-27,458,11097,retenir,VER,A2,44.8169,不予；保留,auxiliary,foundational_content,agree,
lexicon-v1-2026-07-27,459,5087,fait,NOM,A1,273.0176,事实；功绩,auxiliary,foundational_content,agree,
lexicon-v1-2026-07-27,460,3586,demande,NOM,A1,198.1177,申请；申请书,auxiliary,foundational_content,agree,
lexicon-v1-2026-07-27,461,7569,loyer,NOM,B1,13.4237,房租；租金,eligible,target_content_with_gloss,agree,
lexicon-v1-2026-07-27,462,456,amande,NOM,B1,2.5051,巴旦木；巴达木,eligible,target_content_with_gloss,agree,
lexicon-v1-2026-07-27,463,13277,ulcère,NOM,C1,0.1416,溃疡,eligible,target_content_with_gloss,agree,
lexicon-v1-2026-07-27,464,7271,kayak,NOM,C2,0.0276,舠,needs_review,advanced_tail,override_auxiliary,Common concrete noun; keep as support.
lexicon-v1-2026-07-27,465,12005,smoking,NOM,B1,2.2432,,eligible,target_content_high_frequency_missing_gloss,agree,
lexicon-v1-2026-07-27,466,833,artificiel,ADJ,B1,15.0045,不自然；人为,eligible,target_content_with_gloss,agree,
lexicon-v1-2026-07-27,467,13554,villa,NOM,B1,9.3688,别墅；别庄,eligible,target_content_with_gloss,agree,
lexicon-v1-2026-07-27,468,372,albinos,NOM,C1,0.0912,天老儿；白子,eligible,target_content_with_gloss,agree,CFDICT 天老儿/白子 is dated or derogatory; replace with 白化病患者/白化的.
lexicon-v1-2026-07-27,469,2360,chrétien,NOM,B2,2.938,基督徒,eligible,target_content_with_gloss,agree,
lexicon-v1-2026-07-27,470,7535,longue,ADJ,A1,170.4206,,excluded,missing_lexique_alignment_outside_target,agree,
lexicon-v1-2026-07-27,471,9465,personne,ADV,A1,140.9262,个人；人物,excluded,missing_lexique_alignment_outside_target,agree,
lexicon-v1-2026-07-27,472,4497,efficace,ADJ,B1,25.804,中用；干净利落,eligible,target_content_with_gloss,agree,
lexicon-v1-2026-07-27,473,10076,proclamer,VER,B2,0.9523,宣告；宣布,eligible,target_content_with_gloss,agree,
lexicon-v1-2026-07-27,474,10650,raideur,NOM,C1,0.0544,弹性系数,eligible,target_content_with_gloss,agree,CFDICT only gives the physics sense; add stiffness/rigidity/formality.
lexicon-v1-2026-07-27,475,5190,ferraille,NOM,B2,0.6859,,needs_review,low_frequency_missing_gloss,override_eligible,Normal B2 noun.
lexicon-v1-2026-07-27,476,967,attendant,NOM,B2,0.6648,,needs_review,missing_lexique_alignment,override_excluded,English/POS artifact; French lexical use is not supported here.
lexicon-v1-2026-07-27,477,14079,époxy,ADJ,C1,0.1431,环氧树脂,eligible,target_content_with_gloss,agree,
lexicon-v1-2026-07-27,478,10515,pétrolier,ADJ,B2,1.9293,,eligible,target_content_high_frequency_missing_gloss,agree,
lexicon-v1-2026-07-27,479,10519,pêcher,VER,B1,4.2737,捕捞；捕鱼,eligible,target_content_with_gloss,agree,
lexicon-v1-2026-07-27,480,1634,bousculer,VER,B2,10.5804,催促；挨挤,eligible,target_content_with_gloss,agree,
lexicon-v1-2026-07-27,481,12638,tache,NOM,B2,7.8547,斑点；瑕疵,eligible,target_content_with_gloss,agree,
lexicon-v1-2026-07-27,482,12875,toi-même,PRO,C2,0.0248,你自己,auxiliary,closed_class,agree,
lexicon-v1-2026-07-27,483,9091,pacte,NOM,B2,4.4134,公约,eligible,target_content_with_gloss,agree,
lexicon-v1-2026-07-27,484,835,artisan,NOM,B2,14.5111,工匠；艺人,eligible,target_content_with_gloss,agree,
lexicon-v1-2026-07-27,485,14222,éviter,VER,B1,79.4855,以防；免除,eligible,target_content_with_gloss,agree,
lexicon-v1-2026-07-27,486,528,analyse,NOM,B2,23.6962,分析；解析,eligible,target_content_with_gloss,agree,
lexicon-v1-2026-07-27,487,4837,essaimer,VER,C2,0.0433,翃,needs_review,advanced_tail,override_eligible,Useful literal/figurative verb; CFDICT 翃 is corrupt.
lexicon-v1-2026-07-27,488,6054,habillé,ADJ,B2,0.6889,身着,eligible,target_content_with_gloss,agree,
lexicon-v1-2026-07-27,489,11544,résoudre,VER,B2,13.3144,下决心；了却,eligible,target_content_with_gloss,agree,CFDICT misses the dominant 解决 sense.
lexicon-v1-2026-07-27,490,7134,jais,NOM,C2,0.0233,,excluded,outside_target_cefr,agree,
lexicon-v1-2026-07-27,491,13723,vélo,NOM,A1,84.5106,自行车；骑车,auxiliary,foundational_content,agree,
lexicon-v1-2026-07-27,492,6817,inoffensif,ADJ,C1,0.1431,无毒,eligible,target_content_with_gloss,agree,CFDICT 无毒 is too narrow; add 无害/不危险.
lexicon-v1-2026-07-27,493,13031,transfert,NOM,B2,0.8475,中转；传输,eligible,target_content_with_gloss,agree,
lexicon-v1-2026-07-27,494,292,agir,VER,A2,241.9016,举措；作用,auxiliary,foundational_content,agree,
lexicon-v1-2026-07-27,495,7767,malsain,ADJ,B2,0.7262,,needs_review,low_frequency_missing_gloss,override_eligible,Normal B2 adjective.
lexicon-v1-2026-07-27,496,8071,microscopie,NOM,C1,0.1431,显微术,eligible,target_content_with_gloss,agree,
lexicon-v1-2026-07-27,497,12463,surface,NOM,B1,32.488,地表；外表,eligible,target_content_with_gloss,agree,
lexicon-v1-2026-07-27,498,4027,déborder,VER,B1,5.4927,横流；横溢,eligible,target_content_with_gloss,agree,
lexicon-v1-2026-07-27,499,6702,inerte,ADJ,C2,0.0139,,excluded,outside_target_cefr,override_eligible,Common high-value adjective; C2 assignment appears too high.
lexicon-v1-2026-07-27,500,327,aicher,VER,C2,0.0168,,excluded,outside_target_cefr,agree,
